Functions,Hall,Line,Shift,Nr QR Codes,Day,Tag Name,Link for QR code,MFO-LL,MFO-SL,MFO-FM,MFO-GL,MFQ-GL,MFQ-Planner,MFP-GL,MFP-Planner,PT,MSE,VSM,MFE-GL,MFE Process Engineer,MFE Process Technician,MFE Team Leader,MFE Foreman,MFE Line Responsible,MFE Maintenance coordinator,MFE Shiftleader,Quality Technician,MOE-T
,Hall 1,AB12 L1,1,1,,PT Process Confirmation,https://bbm-elpc.bosch.tech/eLPC/CljP/calendar;auditid=U2FsdGVkX1s1L2a3S4hBbXm8vls1L2a3S4hfbYmaCOZcd7zExCvfvrt2SoLAhQzJDuBqthel5VRnC7YT,,,,,,,,,PT,,,,,,,,,,,,
,Hall 1,AB12 L2,1,1,,PT Process Confirmation,https://bbm-elpc.bosch.tech/eLPC/CljP/calendar;auditid=U2FsdGVkX18BdIXeI2uYXE0BcoBTnGx6Oha8BgPJ6Ep4gwS4gz0GSaleKZ5SKsZm,,,,,,,,,PT,,,,,,,,,,,,
,Hall 1,AB12 L3,1,1,,PT Process Confirmation,https://bbm-elpc.bosch.tech/eLPC/CljP/calendar;auditid=U2FsdGVkX1p1L2u3Sm3aB74Edk8Y85l8Eq2oqqUWCK0bmFr9v0RZ9OHp1L2u3SFlmnscVroehbRc,,,,,,,,,PT,,,,,,,,,,,,
,Hall 1,AB12 Preassembly L1,1,1,,PT Process Confirmation,https://bbm-elpc.bosch.tech/eLPC/CljP/calendar;auditid=U2FsdGVkX1p1L2u3S3FfGwQEsmIML1KLvcvIhts1L2a3S4hiUp1L2u3SawqX28dmctc8EI0PPDQJemCXpNB6,,,,,,,,,PT,,,,,,,,,,,,
,Hall 1,AB12 Preassembly L2,1,1,,PT Process Confirmation,https://bbm-elpc.bosch.tech/eLPC/CljP/calendar;auditid=U2FsdGVkX19p1L2u3Snjx6HHAbNJNuk7r5EkEHfrvy1wcBFYP5zPSc1pFGX2P9PZP6wCn8,,,,,,,,,PT,,,,,,,,,,,,
,Hall 1,Cutting,1,1,,PT Process Confirmation,https://bbm-elpc.bosch.tech/eLPC/CljP/calendar;auditid=U2FsdGVkX18xdJb4gp1L2u3SJZE4TWF2MHk2If4uPgdGPmaorNFlp9p7T5ykZ4fR2mr7MX,,,,,,,,,PT,,,,,,,,,,,,
,Hall 3,ebike FA L1,1,1,,PT Process Confirmation,https://bbm-elpc.bosch.tech/eLPC/CljP/calendar;auditid=U2FsdGVkX1s1L2a3S4hmeh8ps65epU8jj6GG1BuxP6UHUWRN4ns1L2a3S4hnAn3LNvahJwjbNdZD8xtV,,,,,,,,,PT,,,,,,,,,,,,
,Hall 3,ebike FA L2,1,1,,PT Process Confirmation,https://bbm-elpc.bosch.tech/eLPC/CljP/calendar;auditid=U2FsdGVkX19Ws1L2a3S4hkIaQKEchIv3ovg6R2ddW3YqbGnFMrsQJb4VK1mK9Whs1L2a3S4hbsv3Cn0V,,,,,,,,,PT,,,,,,,,,,,,
,Hall 3,ebike FA L3,1,1,,PT Process Confirmation,https://bbm-elpc.bosch.tech/eLPC/CljP/calendar;auditid=U2FsdGVkX1s1L2a3S4haDs1L2a3S4hfp1L2u3SoXVxiEGFnzECuMSp1L2u3SsWSeR4W57kKEe5X5Cyqm5XyRZ9p1L2u3SF4Jts1L2a3S4h,,,,,,,,,PT,,,,,,,,,,,,
,Hall 3,ebike FA L4,1,1,,PT Process Confirmation,https://bbm-elpc.bosch.tech/eLPC/CljP/calendar;auditid=U2FsdGVkX1p1L2u3SZxcGb10xDFzsAaphLpM6FWUvKghGg9r0oDxJEFJrVj6lefwV4PAcn,,,,,,,,,PT,,,,,,,,,,,,
,Hall 3,ebike FA L5,1,1,,PT Process Confirmation,https://bbm-elpc.bosch.tech/eLPC/CljP/calendar;auditid=U2FsdGVkX18OAOsFZ7xE2BPfLmfr38npJ1sSJ4tNp1L2u3SYSJbIFbOXws1L2a3S4hRb9j3P5gEbRG,,,,,,,,,PT,,,,,,,,,,,,
,Hall 1,ECM L1,1,1,,PT Process Confirmation,https://bbm-elpc.bosch.tech/eLPC/CljP/calendar;auditid=U2FsdGVkX19lup1L2u3SZeXHw5wDsk1850Q35xm4zmfeys3Bo5QuQ3veIdhkFFWBSEOhgK,,,,,,,,,PT,,,,,,,,,,,,
,Hall 1,ECM L2,1,1,,PT Process Confirmation,https://bbm-elpc.bosch.tech/eLPC/CljP/calendar;auditid=U2FsdGVkX1s1L2a3S4hzHLr7oYvsmVxXoBYDOZ9qmvYpeRdSOcmuY1xTgARmiJQZjmZ3qvfe,,,,,,,,,PT,,,,,,,,,,,,
,Hall 1,ECM_Cutting,1,1,,PT Process Confirmation,https://bbm-elpc.bosch.tech/eLPC/CljP/calendar;auditid=U2FsdGVkX1p1L2u3SXFFJZryqU7ws0as1L2a3S4hzD77Wp1L2u3SJPRIp1L2u3SQRqzkb9soJdNF4xUGgcRq10NNiL,,,,,,,,,PT,,,,,,,,,,,,
,Hall 1,ECM_Welding L1,1,1,,PT Process Confirmation,https://bbm-elpc.bosch.tech/eLPC/CljP/calendar;auditid=U2FsdGVkX1815KJ8gnjcExFtIprSOw0VvkBac5XUsQlKaSfwqBxzKGLfwu0CGocP,,,,,,,,,PT,,,,,,,,,,,,
,Hall 1,ECM_Welding L2,1,1,,PT Process Confirmation,https://bbm-elpc.bosch.tech/eLPC/CljP/calendar;auditid=U2FsdGVkX1p1L2u3SKbfoBlH9s5v0lsHfJsdLaCv8X8oblS7kcy1aICUDTjcLpyDO9JQEB,,,,,,,,,PT,,,,,,,,,,,,
,Hall 1,FED,1,1,,PT Process Confirmation,https://bbm-elpc.bosch.tech/eLPC/CljP/calendar;auditid=U2FsdGVkX1p1L2u3Sj2ij8XImuLg8qMs1L2a3S4hNlTM5hl4hs1L2a3S4hteKuLp1L2u3SaCexpp1L2u3SzCayVzbxX9DNVsJp,,,,,,,,,PT,,,,,,,,,,,,
,Hall 1,Flexline,1,1,,PT Process Confirmation,https://bbm-elpc.bosch.tech/eLPC/CljP/calendar;auditid=U2FsdGVkX1p1L2u3SFsr7GLQxb5w2acUimlHCb1uGWMfGxIzqT36zeLgohmElqQCGahfDp,,,,,,,,,PT,,,,,,,,,,,,
,Hall 1,Flexline_Cutting,1,1,,PT Process Confirmation,https://bbm-elpc.bosch.tech/eLPC/CljP/calendar;auditid=U2FsdGVkX18qhZp1L2u3SGh52ErP6aNyVgT1B5Y4MaXtyPkOvzNfjHkcLtdCK2586vaTn4,,,,,,,,,PT,,,,,,,,,,,,
,Hall 1,Flexline_L2,1,1,,PT Process Confirmation,https://bbm-elpc.bosch.tech/eLPC/CljP/calendar;auditid=U2FsdGVkX18GoXJz45JPHP5BdHpzXd2I2zXSR4XlpOCVkvs4Z9wu4rvJW9O6lQf8,,,,,,,,,PT,,,,,,,,,,,,
,Hall 1,FPC5,1,1,,PT Process Confirmation,https://bbm-elpc.bosch.tech/eLPC/CljP/calendar;auditid=U2FsdGVkX1p1L2u3ScHBo1XV0RJ34UVrmxBiIp0TREPyGp1L2u3S55yKKN950g1WSC0fDpDnvA9O,,,,,,,,,PT,,,,,,,,,,,,
,Hall 1,GR L1,1,1,,PT Process Confirmation,https://bbm-elpc.bosch.tech/eLPC/CljP/calendar;auditid=U2FsdGVkX19VtfKAuB7Sp1L2u3SEp1L2u3ScdYgaGlrG87riIQ9qyqE2a8akQADxz4dUF1byEYv8,,,,,,,,,PT,,,,,,,,,,,,
,Hall 1,GR L2,1,1,,PT Process Confirmation,https://bbm-elpc.bosch.tech/eLPC/CljP/calendar;auditid=U2FsdGVkX1s1L2a3S4hRpgeQvrHM8Fgugt1Lxvxh0UbeRFSXJhbTQSxvfSXN0QIg7MhV0qW2,,,,,,,,,PT,,,,,,,,,,,,
,Hall 1,GR L5,1,1,,PT Process Confirmation,https://bbm-elpc.bosch.tech/eLPC/CljP/calendar;auditid=U2FsdGVkX1p1L2u3SPJFk0Nav44rzPrv5f8lZ56w982o3kMM8xp1L2u3SBm68ls5c66QqFGUpQZk,,,,,,,,,PT,,,,,,,,,,,,
,Hall 1,GR L6,1,1,,PT Process Confirmation,https://bbm-elpc.bosch.tech/eLPC/CljP/calendar;auditid=U2FsdGVkX1s1L2a3S4hlqS4muCq3x3s1L2a3S4hmUdbyujVpTCUu0ixTMuRJWZ54OE0odjj7IUqw5s1L2a3S4htH,,,,,,,,,PT,,,,,,,,,,,,
,Hall 1,GR L7,1,1,,PT Process Confirmation,https://bbm-elpc.bosch.tech/eLPC/CljP/calendar;auditid=U2FsdGVkX1p1L2u3SlLvp1L2u3SZzjP9imaUPRcvabpDGgpNMOGCShVFLjbfwidmj3p1L2u3Stn22263mT,,,,,,,,,PT,,,,,,,,,,,,
,Hall 1,GR SOBE 1,1,1,,PT Process Confirmation,https://bbm-elpc.bosch.tech/eLPC/CljP/calendar;auditid=U2FsdGVkX1s1L2a3S4h1aEPfyzOAKk6ochCtd2xtkbrVr2K6p1L2u3SlaAKIPuLZRzFUZ7LqdA5l7m,,,,,,,,,PT,,,,,,,,,,,,
,Hall 1,GR SOBE 3,1,1,,PT Process Confirmation,https://bbm-elpc.bosch.tech/eLPC/CljP/calendar;auditid=U2FsdGVkX1s1L2a3S4hw4bWmGP3zPTh3U1H6MiaufP39h47JXc1H6l2swr7cR5s1L2a3S4hColiUrB7K,,,,,,,,,PT,,,,,,,,,,,,
,Hall 3,Lacquering L1,1,1,,PT Process Confirmation,https://bbm-elpc.bosch.tech/eLPC/CljP/calendar;auditid=U2FsdGVkX19o16xJUJF6GgKajDdW8ufcfrmN4nCEXevANsdZoKeK8tvDem721kan,,,,,,,,,PT,,,,,,,,,,,,
,Hall 3,Lacquering L2,1,1,,PT Process Confirmation,https://bbm-elpc.bosch.tech/eLPC/CljP/calendar;auditid=U2FsdGVkX1s1L2a3S4hlopIeehgE1uFs1L2a3S4h3xgbTVgWj7RCzhNs1L2a3S4h6J8kFWyrziPmzcSmHVfDdJdU,,,,,,,,,PT,,,,,,,,,,,,
,Hall 3,Lacquering L3,1,1,,PT Process Confirmation,https://bbm-elpc.bosch.tech/eLPC/CljP/calendar;auditid=U2FsdGVkX1s1L2a3S4ha9DZXWH63L321KkiHGp1L2u3SreXGExs20Oph5kDm2lsiKNpIs1L2a3S4hpVizVY3gD,,,,,,,,,PT,,,,,,,,,,,,
,Hall 3,Lacquering L4,1,1,,PT Process Confirmation,https://bbm-elpc.bosch.tech/eLPC/CljP/calendar;auditid=U2FsdGVkX18kr4dWu2t6SBOTP4yIiu92s1L2a3S4htAp1L2u3SwwnCrm7vmJgctUrAdqBHWW0I8zej,,,,,,,,,PT,,,,,,,,,,,,
,Hall 3,Lacquering L7,1,1,,PT Process Confirmation,https://bbm-elpc.bosch.tech/eLPC/CljP/calendar;auditid=U2FsdGVkX1p1L2u3Ss1L2a3S4hfCO1QnHwqbyLS1Gy4ZJGumWSTSyEiaJpzJ6VhaQrMkBlPq8JweXW,,,,,,,,,PT,,,,,,,,,,,,
,Hall 3,Lacquering L8,1,1,,PT Process Confirmation,https://bbm-elpc.bosch.tech/eLPC/CljP/calendar;auditid=U2FsdGVkX1s1L2a3S4h0nGRgYH3p1L2u3SRWbp1L2u3S5ZRMxmfJtxFUWptAtoNfp1L2u3SJDdXXp1L2u3SwuytaQufOZ8ps,,,,,,,,,PT,,,,,,,,,,,,
,Hall 3,Lacquering L9,1,1,,PT Process Confirmation,https://bbm-elpc.bosch.tech/eLPC/CljP/calendar;auditid=U2FsdGVkX193NwIPJnPez5pts1L2a3S4hxcZII9OsJlkSMs8CA4mmppQw4ypzgNYARNG9Jqn,,,,,,,,,PT,,,,,,,,,,,,
,Hall 1,PAD,1,1,,PT Process Confirmation,https://bbm-elpc.bosch.tech/eLPC/CljP/calendar;auditid=U2FsdGVkX19qCiQ3RLj1ugX7cs1L2a3S4h5RpDFo8QLBirv7ETYOyp1L2u3SbXn4ZLhbLjWGFtVs1L2a3S4hPm,,,,,,,,,PT,,,,,,,,,,,,
,Hall 1,PAD_L2,1,1,,PT Process Confirmation,https://bbm-elpc.bosch.tech/eLPC/CljP/calendar;auditid=U2FsdGVkX1s1L2a3S4hkbNn6o9qULDxE5Viwtp1L2u3SDLncxM7ZCs1L2a3S4hfWd3l6QCV9cs1L2a3S4hcnspXRuREIbg,,,,,,,,,PT,,,,,,,,,,,,
,Hall 1,PAD_L3,1,1,,PT Process Confirmation,https://bbm-elpc.bosch.tech/eLPC/CljP/calendar;auditid=U2FsdGVkX1p1L2u3Sp1L2u3SrQyJuVKCOfQ3Iqt4ts1L2a3S4hgqQp1L2u3Sp1L2u3SmNgs1L2a3S4h6WwyDKwiOp1L2u3ShykJlwARTXu23kW,,,,,,,,,PT,,,,,,,,,,,,
,Hall 1,PP Gen 5 L1,1,1,,PT Process Confirmation,https://bbm-elpc.bosch.tech/eLPC/CljP/calendar;auditid=U2FsdGVkX19QJAsgANYbs1L2a3S4h5IAG0YTkcNtj8pNXOopNAj2MlSXiJys1L2a3S4hRC44xx60hYa6,,,,,,,,,PT,,,,,,,,,,,,
,Hall 1,PP Gen 5 L2,1,1,,PT Process Confirmation,https://bbm-elpc.bosch.tech/eLPC/CljP/calendar;auditid=U2FsdGVkX18lVtp1L2u3SXQK43TsWX5vhUf0Vs1L2a3S4hhgvfEHz9lE1iAkS2pSKJvlgs1L2a3S4hwYQ2NTRO,,,,,,,,,PT,,,,,,,,,,,,
,Hall 2,PP Gen 6 L1,1,1,,PT Process Confirmation,https://bbm-elpc.bosch.tech/eLPC/CljP/calendar;auditid=U2FsdGVkX19p1L2u3SyUodtR6x0TsM5inpZfIWhUWlUeA3F9NMMQxWr2QnDK0O3teRGPev,,,,,,,,,PT,,,,,,,,,,,,
,Hall 2,PP Gen 6 L2,1,1,,PT Process Confirmation,https://bbm-elpc.bosch.tech/eLPC/CljP/calendar;auditid=U2FsdGVkX1p1L2u3SaoH9V481zpPyg6bratZG6tp1L2u3SLdj0FZ66tfFHp1L2u3SX7AMpcugZama4HckR,,,,,,,,,PT,,,,,,,,,,,,
,Hall 1,WSM L3,1,1,,PT Process Confirmation,https://bbm-elpc.bosch.tech/eLPC/CljP/calendar;auditid=U2FsdGVkX1p1L2u3SMO9uMJM8J6cOWZ4VQp1L2u3SeFslbKmZ3ECGNeVtHBXVp1L2u3S4JeWaSRdr1NQhn,,,,,,,,,PT,,,,,,,,,,,,
,Hall 1,WSM L4,1,1,,PT Process Confirmation,https://bbm-elpc.bosch.tech/eLPC/CljP/calendar;auditid=U2FsdGVkX1s1L2a3S4hup1L2u3SUXrz1SXIUG2p1L2u3SIr580ErHIj0WsosnPU4PaJbs1ddiiOmjnYaM7jB,,,,,,,,,PT,,,,,,,,,,,,
,Hall 1,AB12 L1,1,1,,MSE Process Confirmation,https://bbm-elpc.bosch.tech/eLPC/CljP/calendar;auditid=U2FsdGVkX19vbRredY1egJBcwB0dXgq6SgLyz8W6mR313VGMvN6Y5VfrWszOLRMd,,,,,,,,,,MSE,,,,,,,,,,,
,Hall 1,AB12 L2,1,1,,MSE Process Confirmation,https://bbm-elpc.bosch.tech/eLPC/CljP/calendar;auditid=U2FsdGVkX181LlYuGSTIeWRMIzKsxZvdBOAJNNLSjggv0a7lEiaoqCI0aCW7nfgl,,,,,,,,,,MSE,,,,,,,,,,,
,Hall 1,AB12 L3,1,1,,MSE Process Confirmation,https://bbm-elpc.bosch.tech/eLPC/CljP/calendar;auditid=U2FsdGVkX19s1L2a3S4hS6jq5k7tfBCmLEokbnWTOZ4VjtHU7GYksXSRs1L2a3S4h8775lLeS6m0BhLZ,,,,,,,,,,MSE,,,,,,,,,,,
,Hall 1,AB12 Preassembly L1,1,1,,MSE Process Confirmation,https://bbm-elpc.bosch.tech/eLPC/CljP/calendar;auditid=U2FsdGVkX18BJs1L2a3S4hfJ5janDOHUKcLSdkCyats1L2a3S4hY0U39oLswHqQp1L2u3SO3I1A283As1L2a3S4hFDUBXY,,,,,,,,,,MSE,,,,,,,,,,,
,Hall 1,AB12 Preassembly L2,1,1,,MSE Process Confirmation,https://bbm-elpc.bosch.tech/eLPC/CljP/calendar;auditid=U2FsdGVkX196qpwCpXCAW16V3pvLhGw4oU5jcKpOXfiPcUwkcdTSMuA2SUIjYz1b,,,,,,,,,,MSE,,,,,,,,,,,
,Hall 1,Cutting,1,1,,MSE Process Confirmation,https://bbm-elpc.bosch.tech/eLPC/CljP/calendar;auditid=U2FsdGVkX19uRv3wffhoWzkFCJZehPXIPoxBQp1L2u3SWe1bp1L2u3SfoTsC47s1L2a3S4h1yiN3eVw2yhqh,,,,,,,,,,MSE,,,,,,,,,,,
,Hall 3,ebike FA L1,1,1,,MSE Process Confirmation,https://bbm-elpc.bosch.tech/eLPC/CljP/calendar;auditid=U2FsdGVkX19dAItagdXZ5Su4xVNaqvR9tTs1L2a3S4hyHQYbmdAJXcotqPijY0WyrIpdi8ES,,,,,,,,,,MSE,,,,,,,,,,,
,Hall 3,ebike FA L2,1,1,,MSE Process Confirmation,https://bbm-elpc.bosch.tech/eLPC/CljP/calendar;auditid=U2FsdGVkX181FZibmhNxngFDMu9eOkHOiEs1L2a3S4hcYMR5yff5orLvnQs1L2a3S4hhFHGpccQs1L2a3S4hc3yG,,,,,,,,,,MSE,,,,,,,,,,,
,Hall 3,ebike FA L3,1,1,,MSE Process Confirmation,https://bbm-elpc.bosch.tech/eLPC/CljP/calendar;auditid=U2FsdGVkX1s1L2a3S4hnrSXc5kgW13Yfloyp1L2u3StyDpefttmpsZ5s1L2a3S4h4bcvnJ8ndahmUBcfsfduE1,,,,,,,,,,MSE,,,,,,,,,,,
,Hall 3,ebike FA L4,1,1,,MSE Process Confirmation,https://bbm-elpc.bosch.tech/eLPC/CljP/calendar;auditid=U2FsdGVkX19Es1L2a3S4hT55EqvhtwEg0h8Hcbp1L2u3Ss1L2a3S4hvdHIJOb005E5lRcJdwvrZiiLdJd4CfxS,,,,,,,,,,MSE,,,,,,,,,,,
,Hall 3,ebike FA L5,1,1,,MSE Process Confirmation,https://bbm-elpc.bosch.tech/eLPC/CljP/calendar;auditid=U2FsdGVkX189gzb5ms1L2a3S4h1rKvRqQqUbED3vSvY90gwCzwUrcskUDKCURmd8YzD2rc4y,,,,,,,,,,MSE,,,,,,,,,,,
,Hall 1,ECM L1,1,1,,MSE Process Confirmation,https://bbm-elpc.bosch.tech/eLPC/CljP/calendar;auditid=U2FsdGVkX19MO8uDp1L2u3SEIhj9vf91QcaYnQs1L2a3S4hhHJjWTe6hY3MRs1L2a3S4hJfWcFkaoKOzacxZ0a,,,,,,,,,,MSE,,,,,,,,,,,
,Hall 1,ECM L2,1,1,,MSE Process Confirmation,https://bbm-elpc.bosch.tech/eLPC/CljP/calendar;auditid=U2FsdGVkX1s1L2a3S4hyNQe0HcZPCiD6pSTinPOjzds1L2a3S4hp9e4k315Eq9id2mXFX6TVLzX6ByNc,,,,,,,,,,MSE,,,,,,,,,,,
,Hall 1,ECM_Cutting,1,1,,MSE Process Confirmation,https://bbm-elpc.bosch.tech/eLPC/CljP/calendar;auditid=U2FsdGVkX1s1L2a3S4hZEMwSPL8vOaFKtunHdvRCzaUFFYEz0EtyKDdpVF9HFGOKL1PhOrhN,,,,,,,,,,MSE,,,,,,,,,,,
,Hall 1,ECM_Welding L1,1,1,,MSE Process Confirmation,https://bbm-elpc.bosch.tech/eLPC/CljP/calendar;auditid=U2FsdGVkX18DyNnWhIVeGuglzbVWAYlTG5vYppifRAV42VrTh3danWSdmG8Ld68l,,,,,,,,,,MSE,,,,,,,,,,,
,Hall 1,ECM_Welding L2,1,1,,MSE Process Confirmation,https://bbm-elpc.bosch.tech/eLPC/CljP/calendar;auditid=U2FsdGVkX18HrEn4Dlo7TBcfqNmEvUrgc1u4Ql7D66EOTHVmYWHoXmSzAvDYBrWd,,,,,,,,,,MSE,,,,,,,,,,,
,Hall 1,FED,1,1,,MSE Process Confirmation,https://bbm-elpc.bosch.tech/eLPC/CljP/calendar;auditid=U2FsdGVkX1s1L2a3S4h77pbyvM6DsZMejqp1L2u3Scku4mguodvR6yG6Yz3Znop1L2u3SAp1L2u3S2Px18IsdupjY6,,,,,,,,,,MSE,,,,,,,,,,,
,Hall 1,Flexline,1,1,,MSE Process Confirmation,https://bbm-elpc.bosch.tech/eLPC/CljP/calendar;auditid=U2FsdGVkX1s1L2a3S4hsgHbUOFKYqj67j5w7IZyPas1L2a3S4hGdx8dxaITlJTXwO5ji1UiPVOTVt4mU,,,,,,,,,,MSE,,,,,,,,,,,
,Hall 1,Flexline_Cutting,1,1,,MSE Process Confirmation,https://bbm-elpc.bosch.tech/eLPC/CljP/calendar;auditid=U2FsdGVkX1s1L2a3S4hGMI2HRA51s35nIsVtUCAuNXWJ3o2SU7bfsiruJ75l6dhd10Ss1L2a3S4hzs1L2a3S4hV5,,,,,,,,,,MSE,,,,,,,,,,,
,Hall 1,Flexline_L2,1,1,,MSE Process Confirmation,https://bbm-elpc.bosch.tech/eLPC/CljP/calendar;auditid=U2FsdGVkX1p1L2u3SigdIAs1L2a3S4hfHp80BtVh6aq4gGWimp1L2u3SE0EgDOpqaqk3IUwfQGlKVQmp1L2u3SWFUA,,,,,,,,,,MSE,,,,,,,,,,,
,Hall 1,FPC5,1,1,,MSE Process Confirmation,https://bbm-elpc.bosch.tech/eLPC/CljP/calendar;auditid=U2FsdGVkX19orjAnBID0LuQMZFnxqHcet0WbcM1sQ4UU5CI1BczUE3ymwfl3fhIS,,,,,,,,,,MSE,,,,,,,,,,,
,Hall 1,GR L1,1,1,,MSE Process Confirmation,https://bbm-elpc.bosch.tech/eLPC/CljP/calendar;auditid=U2FsdGVkX19NqA4S8Ur7yHuR8WJMHQa6PMx0DjDWfPKO77lwGTzsBtuC7JYUdU50,,,,,,,,,,MSE,,,,,,,,,,,
,Hall 1,GR L2,1,1,,MSE Process Confirmation,https://bbm-elpc.bosch.tech/eLPC/CljP/calendar;auditid=U2FsdGVkX18yFZbSbIDc1UlIJCNUqMt3gfz1yOymFGFyKDS8DaxNl4CdzrBjUYnw,,,,,,,,,,MSE,,,,,,,,,,,
,Hall 1,GR L5,1,1,,MSE Process Confirmation,https://bbm-elpc.bosch.tech/eLPC/CljP/calendar;auditid=U2FsdGVkX1s1L2a3S4hQ5OIQiVpn2naJvuDYV3BKCWaQX9LoT7qWkkSjZoYJiqJoJuF5p1L2u3SAwO,,,,,,,,,,MSE,,,,,,,,,,,
,Hall 1,GR L6,1,1,,MSE Process Confirmation,https://bbm-elpc.bosch.tech/eLPC/CljP/calendar;auditid=U2FsdGVkX1s1L2a3S4h7KwKMxtPH89bUtW1Fuy2D5UVAKto5ezp1L2u3Sh9lzlRHafqbNNOOLyykCA,,,,,,,,,,MSE,,,,,,,,,,,
,Hall 1,GR L7,1,1,,MSE Process Confirmation,https://bbm-elpc.bosch.tech/eLPC/CljP/calendar;auditid=U2FsdGVkX1p1L2u3SMzlaOyxmxePeZ0j9B1qVPZTbABUEgyBp1L2u3Sscmtd02nImFx2UVTtnPce,,,,,,,,,,MSE,,,,,,,,,,,
,Hall 1,GR SOBE 1,1,1,,MSE Process Confirmation,https://bbm-elpc.bosch.tech/eLPC/CljP/calendar;auditid=U2FsdGVkX1s1L2a3S4hj4AIJwLRFfVT9Ocjn3Xt1miEO9odUJqUD5D6EaBuhIdXp1L2u3SaT4zbm1V,,,,,,,,,,MSE,,,,,,,,,,,
,Hall 1,GR SOBE 3,1,1,,MSE Process Confirmation,https://bbm-elpc.bosch.tech/eLPC/CljP/calendar;auditid=U2FsdGVkX19HA730hacs6ZuynSyMp1L2u3SL0oe0Op1L2u3Ss1L2a3S4hUuYRxjUiFctVxwPhGfacs760bBV,,,,,,,,,,MSE,,,,,,,,,,,
,Hall 3,Lacquering L1,1,1,,MSE Process Confirmation,https://bbm-elpc.bosch.tech/eLPC/CljP/calendar;auditid=U2FsdGVkX18WWx9P7b1fhjbuOF7rgJ7tqNs1L2a3S4hYJycq4Y8TUDHAn8xWjFNEZ0qcYaUS,,,,,,,,,,MSE,,,,,,,,,,,
,Hall 3,Lacquering L2,1,1,,MSE Process Confirmation,https://bbm-elpc.bosch.tech/eLPC/CljP/calendar;auditid=U2FsdGVkX1p1L2u3S5Ua8x5dTNUhTUH2VXBRiXakiZccvxmhQ7hI6E39xd1NnxR0Mvmfgm,,,,,,,,,,MSE,,,,,,,,,,,
,Hall 3,Lacquering L3,1,1,,MSE Process Confirmation,https://bbm-elpc.bosch.tech/eLPC/CljP/calendar;auditid=U2FsdGVkX18Tiz7a5rdZNegEVQ3YaiNVu5VwDs1L2a3S4hcc8p1L2u3SxX5b05r3s1L2a3S4hACFxM4avdNtA4,,,,,,,,,,MSE,,,,,,,,,,,
,Hall 3,Lacquering L4,1,1,,MSE Process Confirmation,https://bbm-elpc.bosch.tech/eLPC/CljP/calendar;auditid=U2FsdGVkX1s1L2a3S4hP2HwkpXPXnjApyFW1s1L2a3S4hnr2n13p1L2u3S42gATm7nngmpXZ5nWFp1L2u3S0Ls1L2a3S4hM742Tf,,,,,,,,,,MSE,,,,,,,,,,,
,Hall 3,Lacquering L7,1,1,,MSE Process Confirmation,https://bbm-elpc.bosch.tech/eLPC/CljP/calendar;auditid=U2FsdGVkX1s1L2a3S4hUTjv4nfwfvQuMYNDWsrSx4hyxvtPF00FN7DIPFrk5XTKmv78ggCOC,,,,,,,,,,MSE,,,,,,,,,,,
,Hall 3,Lacquering L8,1,1,,MSE Process Confirmation,https://bbm-elpc.bosch.tech/eLPC/CljP/calendar;auditid=U2FsdGVkX1p1L2u3SzqEmYLQdrS4Hq91Wds1L2a3S4hGfrHTpKb3Co6igTK5eaSLioEurp1L2u3SmsHjnzLb,,,,,,,,,,MSE,,,,,,,,,,,
,Hall 3,Lacquering L9,1,1,,MSE Process Confirmation,https://bbm-elpc.bosch.tech/eLPC/CljP/calendar;auditid=U2FsdGVkX19q1MHrcKXYx2tqTrNWgV47p2oD1t8y5pQQvt1Tj4LRbrwb657Pz0g0,,,,,,,,,,MSE,,,,,,,,,,,
,Hall 1,PAD,1,1,,MSE Process Confirmation,https://bbm-elpc.bosch.tech/eLPC/CljP/calendar;auditid=U2FsdGVkX1p1L2u3SFMyDSWXmxzbrypFMJwDtX0Ep1L2u3SVTXxh7J1GH53wjSZuBZhPyeD8JhYH,,,,,,,,,,MSE,,,,,,,,,,,
,Hall 1,PAD_L2,1,1,,MSE Process Confirmation,https://bbm-elpc.bosch.tech/eLPC/CljP/calendar;auditid=U2FsdGVkX19GTVOHcfkTu781de8kUC15OfewC7UkBrLZiC9sD8nrPiWs1L2a3S4hRjnqyup6,,,,,,,,,,MSE,,,,,,,,,,,
,Hall 1,PAD_L3,1,1,,MSE Process Confirmation,https://bbm-elpc.bosch.tech/eLPC/CljP/calendar;auditid=U2FsdGVkX1p1L2u3SivE12K8s1L2a3S4hFmjbH0q3JxTQuRHRkxU9ZXqAJVTGtNr62uM4mKRrNPmuu,,,,,,,,,,MSE,,,,,,,,,,,
,Hall 1,PP Gen 5 L1,1,1,,MSE Process Confirmation,https://bbm-elpc.bosch.tech/eLPC/CljP/calendar;auditid=U2FsdGVkX18FYASOODmS4cZotOGYUdWqwViBMgSvp1L2u3SCcF1j8Xrc1zZxIAy9WpbdnI,,,,,,,,,,MSE,,,,,,,,,,,
,Hall 1,PP Gen 5 L2,1,1,,MSE Process Confirmation,https://bbm-elpc.bosch.tech/eLPC/CljP/calendar;auditid=U2FsdGVkX18A2dCLbhIEzEUAkhS50XC9NsJR3ebgbCHuSEy7hTHo0yaEavEqNAak,,,,,,,,,,MSE,,,,,,,,,,,
,Hall 2,PP Gen 6 L1,1,1,,MSE Process Confirmation,https://bbm-elpc.bosch.tech/eLPC/CljP/calendar;auditid=U2FsdGVkX19wns1L2a3S4h8TLonxkCJbxixYWOs9Gd0MBTs0fHwjyMCkZkx24QcC7s1L2a3S4h8PSZ78,,,,,,,,,,MSE,,,,,,,,,,,
,Hall 2,PP Gen 6 L2,1,1,,MSE Process Confirmation,https://bbm-elpc.bosch.tech/eLPC/CljP/calendar;auditid=U2FsdGVkX18p1L2u3SJB4w3XEtQzrbx95hOZSPm3pSUoyPEQ2JZFEAxV1rYyeJ2Jo8V0iS,,,,,,,,,,MSE,,,,,,,,,,,
,Hall 1,WSM L3,1,1,,MSE Process Confirmation,https://bbm-elpc.bosch.tech/eLPC/CljP/calendar;auditid=U2FsdGVkX18ObSZW7vTdOIPGulQfPwVrbVpLNMcfHzMassv6mK4aUgv9jmp1L2u3S9naSw,,,,,,,,,,MSE,,,,,,,,,,,
,Hall 1,WSM L4,1,1,,MSE Process Confirmation,https://bbm-elpc.bosch.tech/eLPC/CljP/calendar;auditid=U2FsdGVkX18A5xY3zws1L2a3S4huGBd0PproLVo2FYBcYWtxKO8A7G8Sp1L2u3Ss1L2a3S4hp1L2u3SAdg4Yp1L2u3S5RenNwp,,,,,,,,,,MSE,,,,,,,,,,,
,Hall 1,AB12 L1,1,1,,MOE3 VSM Process Confirmation,https://bbm-elpc.bosch.tech/eLPC/CljP/calendar;auditid=U2FsdGVkX1p1L2u3SNcUFgD3Lou4Ir3lJj2GLgas1L2a3S4hMfMEeFHvI1pSz2VwjMZM0ZFhCo3i8I,,,,,,,,,,,VSM,,,,,,,,,,
,Hall 1,AB12 L2,1,1,,MOE3 VSM Process Confirmation,https://bbm-elpc.bosch.tech/eLPC/CljP/calendar;auditid=U2FsdGVkX1s1L2a3S4h8Zmf7v4SIZXJiVs1L2a3S4hZET2Li2XZhNXHom7x8NUDmFp1L2u3SYmhELiR46KxTxz,,,,,,,,,,,VSM,,,,,,,,,,
,Hall 1,AB12 L3,1,1,,MOE3 VSM Process Confirmation,https://bbm-elpc.bosch.tech/eLPC/CljP/calendar;auditid=U2FsdGVkX18kSnnNMcBxR35PZa7APffF2zs1L2a3S4hqgbCCfp1L2u3SabrcjbAAJK0DhzzDUp766L,,,,,,,,,,,VSM,,,,,,,,,,
,Hall 1,AB12 Preassembly L1,1,1,,MOE3 VSM Process Confirmation,https://bbm-elpc.bosch.tech/eLPC/CljP/calendar;auditid=U2FsdGVkX189S6dGLkH9clZs1L2a3S4hKcZ2NwMHHk2IAnjPJdlpgNZm20pFtXDsp1L2u3SFUXOTMW,,,,,,,,,,,VSM,,,,,,,,,,
,Hall 1,AB12 Preassembly L2,1,1,,MOE3 VSM Process Confirmation,https://bbm-elpc.bosch.tech/eLPC/CljP/calendar;auditid=U2FsdGVkX18lSjn36S27fY0vE176Bs1L2a3S4h4skzqkPN6eZvm00vni4HAp1L2u3SLOfQXLqOfXxX,,,,,,,,,,,VSM,,,,,,,,,,
,Hall 1,Cutting,1,1,,MOE3 VSM Process Confirmation,https://bbm-elpc.bosch.tech/eLPC/CljP/calendar;auditid=U2FsdGVkX1p1L2u3SQs2DSWSAyPdU7Kq02TFfHT4z93p1L2u3SEpNa5D1xuzr0to50ecvyueCjEP,,,,,,,,,,,VSM,,,,,,,,,,
,Hall 3,ebike FA L1,1,1,,MOE3 VSM Process Confirmation,https://bbm-elpc.bosch.tech/eLPC/CljP/calendar;auditid=U2FsdGVkX18nDAntUcBxicxgWEaG4cp1L2u3Sp1L2u3SenMXS4us1L2a3S4hp1L2u3SK8Y6s1L2a3S4hPWr9CuWp1L2u3SDUp1L2u3SoN2hSGA,,,,,,,,,,,VSM,,,,,,,,,,
,Hall 3,ebike FA L2,1,1,,MOE3 VSM Process Confirmation,https://bbm-elpc.bosch.tech/eLPC/CljP/calendar;auditid=U2FsdGVkX18w18eL3Rdp6LClS7rL1r2iTT9V5PIPP4UeXizBMem6Is1L2a3S4hGvTRlL4nqb,,,,,,,,,,,VSM,,,,,,,,,,
,Hall 3,ebike FA L3,1,1,,MOE3 VSM Process Confirmation,https://bbm-elpc.bosch.tech/eLPC/CljP/calendar;auditid=U2FsdGVkX1p1L2u3SBDHoTTDN1z8xMMZ06DdERJdIPSHiMuMhkLpMyr4WM9nVp1L2u3SRUs1L2a3S4h8atPW,,,,,,,,,,,VSM,,,,,,,,,,
,Hall 3,ebike FA L4,1,1,,MOE3 VSM Process Confirmation,https://bbm-elpc.bosch.tech/eLPC/CljP/calendar;auditid=U2FsdGVkX1s1L2a3S4hs1L2a3S4hq0EjDNNUJ2bJPSe4CPpMWFJYXNqpFJcOcUjHgp1L2u3SIydYxEo7LTY91w,,,,,,,,,,,VSM,,,,,,,,,,
,Hall 3,ebike FA L5,1,1,,MOE3 VSM Process Confirmation,https://bbm-elpc.bosch.tech/eLPC/CljP/calendar;auditid=U2FsdGVkX199iLf0nlN1OtyiRz8qPdQPbvF2im7S6VZ1iNXcbiVkWjeysMx1SdMM,,,,,,,,,,,VSM,,,,,,,,,,
,Hall 1,ECM L1,1,1,,MOE3 VSM Process Confirmation,https://bbm-elpc.bosch.tech/eLPC/CljP/calendar;auditid=U2FsdGVkX1p1L2u3S3iQxFtcup1L2u3S5IzvxGzBaMZdOSBTp0xBiuzp1L2u3ShNOJsLzUea6If09CHSds1L2a3S4h,,,,,,,,,,,VSM,,,,,,,,,,
,Hall 1,ECM L2,1,1,,MOE3 VSM Process Confirmation,https://bbm-elpc.bosch.tech/eLPC/CljP/calendar;auditid=U2FsdGVkX1p1L2u3Sh7sjHvHdX3iO4ptp1L2u3SOow9bAxzUOOqJh1kXgND9pgcHLxK515MRZV0H,,,,,,,,,,,VSM,,,,,,,,,,
,Hall 1,ECM_Cutting,1,1,,MOE3 VSM Process Confirmation,https://bbm-elpc.bosch.tech/eLPC/CljP/calendar;auditid=U2FsdGVkX1963yMCHaA8GI6HGZ7yCO8dW29sJBoAldwYTVJ2FunDs1L2a3S4hHs6jgonZr8q,,,,,,,,,,,VSM,,,,,,,,,,
,Hall 1,ECM_Welding L1,1,1,,MOE3 VSM Process Confirmation,https://bbm-elpc.bosch.tech/eLPC/CljP/calendar;auditid=U2FsdGVkX19EW2My7ond9xVeC2w4U2RHp1L2u3SGn4pYVKZxUIdqas1L2a3S4hQlZMgNkZsw3w5EVe,,,,,,,,,,,VSM,,,,,,,,,,
,Hall 1,ECM_Welding L2,1,1,,MOE3 VSM Process Confirmation,https://bbm-elpc.bosch.tech/eLPC/CljP/calendar;auditid=U2FsdGVkX1p1L2u3SI6TxlbpgFMCnXp1L2u3SYp1L2u3SJX5sp1L2u3SdfDdNj0KwJEKewVfs1L2a3S4h6buQyIG7s1L2a3S4hbCp6YO,,,,,,,,,,,VSM,,,,,,,,,,
,Hall 1,FED,1,1,,MOE3 VSM Process Confirmation,https://bbm-elpc.bosch.tech/eLPC/CljP/calendar;auditid=U2FsdGVkX18PlYDYEZSGTiVGg3eYtkSxOskPjFlIvIsm4FPGxmYxgDGI3aTyRqnU,,,,,,,,,,,VSM,,,,,,,,,,
,Hall 1,Flexline,1,1,,MOE3 VSM Process Confirmation,https://bbm-elpc.bosch.tech/eLPC/CljP/calendar;auditid=U2FsdGVkX1s1L2a3S4hD4AQaOd4jTLSvf2Bij4c4VppfihJ4B2gptzturIp8MFg1NXWzcZVU,,,,,,,,,,,VSM,,,,,,,,,,
,Hall 1,Flexline_Cutting,1,1,,MOE3 VSM Process Confirmation,https://bbm-elpc.bosch.tech/eLPC/CljP/calendar;auditid=U2FsdGVkX19xhlNzQjRt8yp1L2u3SxYpf7vxk6oQxu6RB1Hp1L2u3Sgf4pqvWLGynkqesTHWCMMp,,,,,,,,,,,VSM,,,,,,,,,,
,Hall 1,Flexline_L2,1,1,,MOE3 VSM Process Confirmation,https://bbm-elpc.bosch.tech/eLPC/CljP/calendar;auditid=U2FsdGVkX19IaLLILdhenVURpLCQrT9LPPAkB3zyUm1INVfTyWL9z3vXtfldBOzr,,,,,,,,,,,VSM,,,,,,,,,,
,Hall 1,FPC5,1,1,,MOE3 VSM Process Confirmation,https://bbm-elpc.bosch.tech/eLPC/CljP/calendar;auditid=U2FsdGVkX18wJ9dY7NdFwt1GweuoNwJPOpSDP9DJs1L2a3S4hiK6n0ikZw23csx1rcs1L2a3S4hYZp1L2u3SQj,,,,,,,,,,,VSM,,,,,,,,,,
,Hall 1,GR L1,1,1,,MOE3 VSM Process Confirmation,https://bbm-elpc.bosch.tech/eLPC/CljP/calendar;auditid=U2FsdGVkX19GqLx8KT2rbuGin8M9ejeT3QNIloTzQDkJYofvp1L2u3SiEs1L2a3S4hzFSC0qtKaNqQ,,,,,,,,,,,VSM,,,,,,,,,,
,Hall 1,GR L2,1,1,,MOE3 VSM Process Confirmation,https://bbm-elpc.bosch.tech/eLPC/CljP/calendar;auditid=U2FsdGVkX18aiBEVO95ryqUfTKJ3Ar6uniK8HIxe1Stg0nL5xy3Cx1s1L2a3S4hjZ0p1L2u3SKmo1P,,,,,,,,,,,VSM,,,,,,,,,,
,Hall 1,GR L5,1,1,,MOE3 VSM Process Confirmation,https://bbm-elpc.bosch.tech/eLPC/CljP/calendar;auditid=U2FsdGVkX18ms1L2a3S4hyHicxAxeJWfMbRMnR8kiQ3SoDp1L2u3SIOEop9Dj8uF5DK0czO7WzeNMs1L2a3S4h,,,,,,,,,,,VSM,,,,,,,,,,
,Hall 1,GR L6,1,1,,MOE3 VSM Process Confirmation,https://bbm-elpc.bosch.tech/eLPC/CljP/calendar;auditid=U2FsdGVkX18bBKotyvJS2bUxHqys1L2a3S4haBfSp1L2u3S1Wq7qzQn8QJvXEpbGtTmbJLztds1L2a3S4h2hpY,,,,,,,,,,,VSM,,,,,,,,,,
,Hall 1,GR L7,1,1,,MOE3 VSM Process Confirmation,https://bbm-elpc.bosch.tech/eLPC/CljP/calendar;auditid=U2FsdGVkX1p1L2u3SjVUO6G3NuMPvjds1L2a3S4hs1L2a3S4hlKDYCnhIY36V3kTx1vhVSkD08SphwibqnEpS1,,,,,,,,,,,VSM,,,,,,,,,,
,Hall 1,GR SOBE 1,1,1,,MOE3 VSM Process Confirmation,https://bbm-elpc.bosch.tech/eLPC/CljP/calendar;auditid=U2FsdGVkX19u16rFw3z6bWqlsp1L2u3SYrc5AMbo4snrued06Vs5DP4tbqp1L2u3S8aRbSEoeCaR,,,,,,,,,,,VSM,,,,,,,,,,
,Hall 1,GR SOBE 3,1,1,,MOE3 VSM Process Confirmation,https://bbm-elpc.bosch.tech/eLPC/CljP/calendar;auditid=U2FsdGVkX194HAuIly4rhKFRMTizMaa58zFk8pYs1L2a3S4hJW41XcEJ8p1L2u3SejjB6PTkFf2s1L2a3S4hZx,,,,,,,,,,,VSM,,,,,,,,,,
,Hall 3,Lacquering L1,1,1,,MOE3 VSM Process Confirmation,https://bbm-elpc.bosch.tech/eLPC/CljP/calendar;auditid=U2FsdGVkX1p1L2u3SrrQKFS4ks1L2a3S4hV3FwLBIHHILHjF9E551IcOxd5BnTiPfN5gehRLKSZCwq,,,,,,,,,,,VSM,,,,,,,,,,
,Hall 3,Lacquering L2,1,1,,MOE3 VSM Process Confirmation,https://bbm-elpc.bosch.tech/eLPC/CljP/calendar;auditid=U2FsdGVkX1s1L2a3S4hNSmaMWYZLRlAdM03P3n2ubBS7IHwHCToAFels1L2a3S4hgOWW7WaFlHOQoIks1L2a3S4h,,,,,,,,,,,VSM,,,,,,,,,,
,Hall 3,Lacquering L3,1,1,,MOE3 VSM Process Confirmation,https://bbm-elpc.bosch.tech/eLPC/CljP/calendar;auditid=U2FsdGVkX183BDG9uOeCj19W6juEwIcF2wIPDp1L2u3Sp1L2u3SnGmCosDljvB1s0yqxh6ETFkzw,,,,,,,,,,,VSM,,,,,,,,,,
,Hall 3,Lacquering L4,1,1,,MOE3 VSM Process Confirmation,https://bbm-elpc.bosch.tech/eLPC/CljP/calendar;auditid=U2FsdGVkX19s1L2a3S4hdoxVt4mp1L2u3SvmmjiT8WxzvjrDmGGJcJcyykZtYdnKFiLy2YdPr8XOEw,,,,,,,,,,,VSM,,,,,,,,,,
,Hall 3,Lacquering L7,1,1,,MOE3 VSM Process Confirmation,https://bbm-elpc.bosch.tech/eLPC/CljP/calendar;auditid=U2FsdGVkX19aNQ6IXzP7meJlMkkwBOX6NVp1L2u3ShjQmKbzrpt7wmxI5pfg72GpnBHfCP,,,,,,,,,,,VSM,,,,,,,,,,
,Hall 3,Lacquering L8,1,1,,MOE3 VSM Process Confirmation,https://bbm-elpc.bosch.tech/eLPC/CljP/calendar;auditid=U2FsdGVkX18SXWmf2duCXnPN2vQqAp6aOhh37GmLP7QgSnMD4CSJ28s1L2a3S4hnJsYsp1L2u3S2Ou,,,,,,,,,,,VSM,,,,,,,,,,
,Hall 3,Lacquering L9,1,1,,MOE3 VSM Process Confirmation,https://bbm-elpc.bosch.tech/eLPC/CljP/calendar;auditid=U2FsdGVkX1p1L2u3SlD674Shmf6auWzkwyzLFmlp1L2u3ShFs1L2a3S4hCim6Rm7UsXp1L2u3SVmJhLguBZm1IA6oC,,,,,,,,,,,VSM,,,,,,,,,,
,Hall 1,PAD,1,1,,MOE3 VSM Process Confirmation,https://bbm-elpc.bosch.tech/eLPC/CljP/calendar;auditid=U2FsdGVkX1s1L2a3S4hPGhqjO9ZO3Ors1L2a3S4hKW3A5bBthaEY2hkp8dIL64Y9QDT2W0pEfEaEs1L2a3S4h0GR,,,,,,,,,,,VSM,,,,,,,,,,
,Hall 1,PAD_L2,1,1,,MOE3 VSM Process Confirmation,https://bbm-elpc.bosch.tech/eLPC/CljP/calendar;auditid=U2FsdGVkX18rjWWLgSp1L2u3SWQf5UdF5Ysxws6Ra1htdNU4fzkSA5jes1L2a3S4hiwEWjxXpwx7pg,,,,,,,,,,,VSM,,,,,,,,,,
,Hall 1,PAD_L3,1,1,,MOE3 VSM Process Confirmation,https://bbm-elpc.bosch.tech/eLPC/CljP/calendar;auditid=U2FsdGVkX1p1L2u3SIWAp1L2u3SrM5Yhu2zZgnfKdzIOsh4JHs62AQtfs1L2a3S4hbUK2zTDSK5BND3lqFGK,,,,,,,,,,,VSM,,,,,,,,,,
,Hall 1,PP Gen 5 L1,1,1,,MOE3 VSM Process Confirmation,https://bbm-elpc.bosch.tech/eLPC/CljP/calendar;auditid=U2FsdGVkX19yHlpULOsQYG7Hlcrq9yIdddPUhuQsBsCoZiJjTWZyGZIqTQF9s0r4,,,,,,,,,,,VSM,,,,,,,,,,
,Hall 1,PP Gen 5 L2,1,1,,MOE3 VSM Process Confirmation,https://bbm-elpc.bosch.tech/eLPC/CljP/calendar;auditid=U2FsdGVkX1p1L2u3S1hp1L2u3SLBUm6oTCmzPiy4JtwY6wYDeHemVWpvijEp1L2u3Sj8rG0T0WpbCwDIYS,,,,,,,,,,,VSM,,,,,,,,,,
,Hall 2,PP Gen 6 L1,1,1,,MOE3 VSM Process Confirmation,https://bbm-elpc.bosch.tech/eLPC/CljP/calendar;auditid=U2FsdGVkX1s1L2a3S4h67KOFnCYku2efZV0js0JcahiEdYh9ueUdC3rYVl7UaC06ACz49fZy,,,,,,,,,,,VSM,,,,,,,,,,
,Hall 2,PP Gen 6 L2,1,1,,MOE3 VSM Process Confirmation,https://bbm-elpc.bosch.tech/eLPC/CljP/calendar;auditid=U2FsdGVkX1p1L2u3SBhA4ajlh7DdqbEeWJKU1jH4Zp1L2u3SHmedenPrm8UnsaVDqN6CLFvoyyi1,,,,,,,,,,,VSM,,,,,,,,,,
,Hall 1,WSM L3,1,1,,MOE3 VSM Process Confirmation,https://bbm-elpc.bosch.tech/eLPC/CljP/calendar;auditid=U2FsdGVkX1p1L2u3SFkWFbCky7K0uaN7T2MEgVZYpLnlhkDzCaXAZ7vEl8Whp1L2u3SHeAxwJ4V4,,,,,,,,,,,VSM,,,,,,,,,,
,Hall 1,WSM L4,1,1,,MOE3 VSM Process Confirmation,https://bbm-elpc.bosch.tech/eLPC/CljP/calendar;auditid=U2FsdGVkX18P8JQhSoqAd3hUby4KUNrlTkVp1L2u3SVZ9ICNhkwJaSVcSq8sFp1L2u3SR4voZix5,,,,,,,,,,,VSM,,,,,,,,,,
,Hall 1,AB12 L1,1,1,,MFP3 Process Confirmation,https://bbm-elpc.bosch.tech/eLPC/CljP/calendar;auditid=U2FsdGVkX18q6flfRMvzs1L2a3S4hzp1L2u3SbQdwvRMVA16th0Aes1L2a3S4hiq3L7FcCCpu4F1p1L2u3SHq3fBIpEl,,,,,,,MFP-GL,,,,,,,,,,,,,,
,Hall 1,AB12 L2,1,1,,MFP3 Process Confirmation,https://bbm-elpc.bosch.tech/eLPC/CljP/calendar;auditid=U2FsdGVkX185ys1L2a3S4hUB2XUmHtMAl3RvBUgle9lP2r8clsAJFspOYKADWZhMbM4s1L2a3S4hVMqY,,,,,,,MFP-GL,,,,,,,,,,,,,,
,Hall 1,AB12 L3,1,1,,MFP3 Process Confirmation,https://bbm-elpc.bosch.tech/eLPC/CljP/calendar;auditid=U2FsdGVkX1p1L2u3STW0MpkdwWkGrPv9GZAPsbOBnE4p1L2u3SaVloRpNds1L2a3S4hyp1L2u3Snox8WObNmPQk0zC,,,,,,,MFP-GL,,,,,,,,,,,,,,
,Hall 1,AB12 Preassembly L1,1,1,,MFP3 Process Confirmation,https://bbm-elpc.bosch.tech/eLPC/CljP/calendar;auditid=U2FsdGVkX18lePTNIIyr0J1GncqENihYp1L2u3SlDLSvkhi8tzf9yBMbp1L2u3S4MSz8fK2Ryi2Z,,,,,,,MFP-GL,,,,,,,,,,,,,,
,Hall 1,AB12 Preassembly L2,1,1,,MFP3 Process Confirmation,https://bbm-elpc.bosch.tech/eLPC/CljP/calendar;auditid=U2FsdGVkX1p1L2u3SKPUurVO6JtiGxIRp1L2u3SxG4azuY9g0z43aWgNOqyAZFwwkAmU30hRcBAS,,,,,,,MFP-GL,,,,,,,,,,,,,,
,Hall 1,Cutting,1,1,,MFP3 Process Confirmation,https://bbm-elpc.bosch.tech/eLPC/CljP/calendar;auditid=U2FsdGVkX1s1L2a3S4hs1L2a3S4hNa513bSPxZGn5ejUdZds1L2a3S4hHfOAMZZNwOep1L2u3SJQyg7nF1u8GXIB0oQDP6,,,,,,,MFP-GL,,,,,,,,,,,,,,
,Hall 3,ebike FA L1,1,1,,MFP3 Process Confirmation,https://bbm-elpc.bosch.tech/eLPC/CljP/calendar;auditid=U2FsdGVkX1s1L2a3S4hfFUzK2sHtMuajBgshTogjWm3p1L2u3SYOR0rwv5dpwN13mGNDyZqvTQ6CeV,,,,,,,MFP-GL,,,,,,,,,,,,,,
,Hall 3,ebike FA L2,1,1,,MFP3 Process Confirmation,https://bbm-elpc.bosch.tech/eLPC/CljP/calendar;auditid=U2FsdGVkX19TyE3YbRWH8QoxDcxEfQITCTjlaY1YIdwNJbMp1L2u3SW4pBqp58C7JII5tg,,,,,,,MFP-GL,,,,,,,,,,,,,,
,Hall 3,ebike FA L3,1,1,,MFP3 Process Confirmation,https://bbm-elpc.bosch.tech/eLPC/CljP/calendar;auditid=U2FsdGVkX18Q3NXI2X10dgaawPqPHidicZh6KPF6PpfSCSFYpGw7klUWC6n4usts1L2a3S4h,,,,,,,MFP-GL,,,,,,,,,,,,,,
,Hall 3,ebike FA L4,1,1,,MFP3 Process Confirmation,https://bbm-elpc.bosch.tech/eLPC/CljP/calendar;auditid=U2FsdGVkX19gJjD43yiqwp1L2u3SWBjRyplMOnTSLxp1L2u3Sqbzhn4vfC3V9eYlWaVn4FdIEps1L2a3S4hp1L2u3S,,,,,,,MFP-GL,,,,,,,,,,,,,,
,Hall 3,ebike FA L5,1,1,,MFP3 Process Confirmation,https://bbm-elpc.bosch.tech/eLPC/CljP/calendar;auditid=U2FsdGVkX1p1L2u3Sp1L2u3SSWG4vR0W5ZU0bpWDMeCUD9BiovIcmHalbmU2pskjFxabQwhwBIVB,,,,,,,MFP-GL,,,,,,,,,,,,,,
,Hall 1,ECM L1,1,1,,MFP3 Process Confirmation,https://bbm-elpc.bosch.tech/eLPC/CljP/calendar;auditid=U2FsdGVkX1p1L2u3SnEXX9DGv37E6CbF0XHfab6blhCL4qQhhjEf33ZCo1wXaMtR8KsxSS,,,,,,,MFP-GL,,,,,,,,,,,,,,
,Hall 1,ECM L2,1,1,,MFP3 Process Confirmation,https://bbm-elpc.bosch.tech/eLPC/CljP/calendar;auditid=U2FsdGVkX19y7EOxDbEUOaPuBk207qyM2p1L2u3SIDjK5RAjhU2qf6aFVEg5bYk1JQ5Qfk,,,,,,,MFP-GL,,,,,,,,,,,,,,
,Hall 1,ECM_Cutting,1,1,,MFP3 Process Confirmation,https://bbm-elpc.bosch.tech/eLPC/CljP/calendar;auditid=U2FsdGVkX187wPxpjRuXjYRYyKsLSdMeBp1L2u3SE0fq9FEip1L2u3Sfy4ToY6ZMbnv8yRnp1L2u3SBJeM,,,,,,,MFP-GL,,,,,,,,,,,,,,
,Hall 1,ECM_Welding L1,1,1,,MFP3 Process Confirmation,https://bbm-elpc.bosch.tech/eLPC/CljP/calendar;auditid=U2FsdGVkX1s1L2a3S4hNWaaxkcZJtoWla3S2iUVms4vq4IGL7Xov9JBEXbkDHBaQ62lwuPlv,,,,,,,MFP-GL,,,,,,,,,,,,,,
,Hall 1,ECM_Welding L2,1,1,,MFP3 Process Confirmation,https://bbm-elpc.bosch.tech/eLPC/CljP/calendar;auditid=U2FsdGVkX18SorWSfTZXi1pcL5EdFNOhwhC1AewDM8543AQAp1L2u3SgSsDBkARgJs1L2a3S4haLlR,,,,,,,MFP-GL,,,,,,,,,,,,,,
,Hall 1,FED,1,1,,MFP3 Process Confirmation,https://bbm-elpc.bosch.tech/eLPC/CljP/calendar;auditid=U2FsdGVkX19JOet2uq4XFQs1L2a3S4hhSuTC6px5D1nXA4rVfodNBJrm2Y3A0smkApNIKg0Q,,,,,,,MFP-GL,,,,,,,,,,,,,,
,Hall 1,Flexline,1,1,,MFP3 Process Confirmation,https://bbm-elpc.bosch.tech/eLPC/CljP/calendar;auditid=U2FsdGVkX18MjKjDyDyp1L2u3Sss1L2a3S4hzPtsJawOrs1L2a3S4hXDzTVMp1L2u3SBgcPlaqpd70ETPoPVRaJbOsfC,,,,,,,MFP-GL,,,,,,,,,,,,,,
,Hall 1,Flexline_Cutting,1,1,,MFP3 Process Confirmation,https://bbm-elpc.bosch.tech/eLPC/CljP/calendar;auditid=U2FsdGVkX19qbmGjzuSjJdss1L2a3S4hXl00vc52aIjmp1L2u3SbrvrCNPQpWON8j8m1P77aqreGke,,,,,,,MFP-GL,,,,,,,,,,,,,,
,Hall 1,Flexline_L2,1,1,,MFP3 Process Confirmation,https://bbm-elpc.bosch.tech/eLPC/CljP/calendar;auditid=U2FsdGVkX19TqEgjRVePEekBPp1L2u3SEs1L2a3S4h4pPtpUsWMaUihfY5P33p1L2u3S7C3s1L2a3S4hdu5iSsvYtAXG,,,,,,,MFP-GL,,,,,,,,,,,,,,
,Hall 1,FPC5,1,1,,MFP3 Process Confirmation,https://bbm-elpc.bosch.tech/eLPC/CljP/calendar;auditid=U2FsdGVkX1s1L2a3S4hyLVGdoZCx3BwnnZq4gEjYmWVKlq1nz6HOgEPobPXBzlKnUctJ6Xp1L2u3Sy,,,,,,,MFP-GL,,,,,,,,,,,,,,
,Hall 1,GR L1,1,1,,MFP3 Process Confirmation,https://bbm-elpc.bosch.tech/eLPC/CljP/calendar;auditid=U2FsdGVkX1p1L2u3SKIORYJs1L2a3S4h1pJUTwgSDKm36ptdfpNH5r6BycC57hHeVJNEY1MNT7egkU,,,,,,,MFP-GL,,,,,,,,,,,,,,
,Hall 1,GR L2,1,1,,MFP3 Process Confirmation,https://bbm-elpc.bosch.tech/eLPC/CljP/calendar;auditid=U2FsdGVkX19umeabh98xDs1L2a3S4hhXZ0aKp4ctQs1L2a3S4hGxs1L2a3S4hKUp1L2u3ScvjrnLGeyyEDubj4BoHQFENe,,,,,,,MFP-GL,,,,,,,,,,,,,,
,Hall 1,GR L5,1,1,,MFP3 Process Confirmation,https://bbm-elpc.bosch.tech/eLPC/CljP/calendar;auditid=U2FsdGVkX19eaZXB8zFNts1L2a3S4hEt5AltFerGe9nljDtZZAdtW5Is1L2a3S4hcs1L2a3S4hEmdd3KPT0ICb88,,,,,,,MFP-GL,,,,,,,,,,,,,,
,Hall 1,GR L6,1,1,,MFP3 Process Confirmation,https://bbm-elpc.bosch.tech/eLPC/CljP/calendar;auditid=U2FsdGVkX1s1L2a3S4huYL3dUdTDyuDhxNIBnLs1L2a3S4hp1L2u3Slb0pRoFOcEs1L2a3S4hOetTHR431Kfvc5BPjyiQ9,,,,,,,MFP-GL,,,,,,,,,,,,,,
,Hall 1,GR L7,1,1,,MFP3 Process Confirmation,https://bbm-elpc.bosch.tech/eLPC/CljP/calendar;auditid=U2FsdGVkX1s1L2a3S4hsXFMIdSjGMH1PsuT6BUEEhOcdohY7p1L2u3SGSDBcNGJFftNnVFPbAHsBRO,,,,,,,MFP-GL,,,,,,,,,,,,,,
,Hall 1,GR SOBE 1,1,1,,MFP3 Process Confirmation,https://bbm-elpc.bosch.tech/eLPC/CljP/calendar;auditid=U2FsdGVkX1s1L2a3S4hayFp1L2u3SoNZh12XNbOea3VwMrO4n2YObPexjLmXrfiudBs1L2a3S4hyp1L2u3SOms1L2a3S4huSJDcu,,,,,,,MFP-GL,,,,,,,,,,,,,,
,Hall 1,GR SOBE 3,1,1,,MFP3 Process Confirmation,https://bbm-elpc.bosch.tech/eLPC/CljP/calendar;auditid=U2FsdGVkX19nRqp1L2u3Svbw7GW54aeoEe2itSyiTj8UhmKpvbLJXJD0IUqtXleGQRsoDf,,,,,,,MFP-GL,,,,,,,,,,,,,,
,Hall 3,Lacquering L1,1,1,,MFP3 Process Confirmation,https://bbm-elpc.bosch.tech/eLPC/CljP/calendar;auditid=U2FsdGVkX18k77XLCzI4DDv0ELKewFXIK67Ac4rbRszmPs1L2a3S4h0GBrPgkPSHEs1L2a3S4hs1L2a3S4hfhswU,,,,,,,MFP-GL,,,,,,,,,,,,,,
,Hall 3,Lacquering L2,1,1,,MFP3 Process Confirmation,https://bbm-elpc.bosch.tech/eLPC/CljP/calendar;auditid=U2FsdGVkX1s1L2a3S4hrCWdeLzZOp1L2u3SCtouYpbyUHwsDPgh1p1L2u3SGaCdHnp1L2u3SrAyrAifwixAzzZekKw,,,,,,,MFP-GL,,,,,,,,,,,,,,
,Hall 3,Lacquering L3,1,1,,MFP3 Process Confirmation,https://bbm-elpc.bosch.tech/eLPC/CljP/calendar;auditid=U2FsdGVkX18nb76rhWp1L2u3SFicy498cqwos1L2a3S4hbYS7pyKJMp1L2u3S4tXoWcnt2KbkFwJfIN4RIjw,,,,,,,MFP-GL,,,,,,,,,,,,,,
,Hall 3,Lacquering L4,1,1,,MFP3 Process Confirmation,https://bbm-elpc.bosch.tech/eLPC/CljP/calendar;auditid=U2FsdGVkX1s1L2a3S4hm3asgp1L2u3SooDm4I1SLhhxso8s1L2a3S4hwKfTp7V4MOlv2tlKmtKo49ezxq2wGD4,,,,,,,MFP-GL,,,,,,,,,,,,,,
,Hall 3,Lacquering L7,1,1,,MFP3 Process Confirmation,https://bbm-elpc.bosch.tech/eLPC/CljP/calendar;auditid=U2FsdGVkX193PpRYCbRBhxa1zVzjTEkXUyfleJRufdi2JwfSoy9HnHKOZMzkVkuo,,,,,,,MFP-GL,,,,,,,,,,,,,,
,Hall 3,Lacquering L8,1,1,,MFP3 Process Confirmation,https://bbm-elpc.bosch.tech/eLPC/CljP/calendar;auditid=U2FsdGVkX1p1L2u3S4ClmeBG6rOdbEp5hJlKGsq7Pn3qp1L2u3SXsu3dGjehQrkP3LxPeTriwvJ5,,,,,,,MFP-GL,,,,,,,,,,,,,,
,Hall 3,Lacquering L9,1,1,,MFP3 Process Confirmation,https://bbm-elpc.bosch.tech/eLPC/CljP/calendar;auditid=U2FsdGVkX19iPDTUJVpiaTap3HCY2inVtlgCXdUvs1L2a3S4h9ss1L2a3S4h3s48wsZnXA7JUb8yahGo,,,,,,,MFP-GL,,,,,,,,,,,,,,
,Hall 1,PAD,1,1,,MFP3 Process Confirmation,https://bbm-elpc.bosch.tech/eLPC/CljP/calendar;auditid=U2FsdGVkX1s1L2a3S4hFVShQ0T6r8juX7p7xNslmXVbwdWv0DRL0Jzm9oGSoXDLraFusTUHm,,,,,,,MFP-GL,,,,,,,,,,,,,,
,Hall 1,PAD_L2,1,1,,MFP3 Process Confirmation,https://bbm-elpc.bosch.tech/eLPC/CljP/calendar;auditid=U2FsdGVkX1p1L2u3SA5u6BzTPvZLl80r2eGyOLs1L2a3S4h2F2bOnyL74bOujLWcLkmDw7WsPGhnHm,,,,,,,MFP-GL,,,,,,,,,,,,,,
,Hall 1,PAD_L3,1,1,,MFP3 Process Confirmation,https://bbm-elpc.bosch.tech/eLPC/CljP/calendar;auditid=U2FsdGVkX1948kcGPUwHU557iQvB259SdOtEbjgIwB10vyF7ESIFQLED5hUyU2od,,,,,,,MFP-GL,,,,,,,,,,,,,,
,Hall 1,PP Gen 5 L1,1,1,,MFP3 Process Confirmation,https://bbm-elpc.bosch.tech/eLPC/CljP/calendar;auditid=U2FsdGVkX1p1L2u3SrJsdKbceG2rYcJZdapBQhL2nkCw7RSp1L2u3SG4toWnQuq4s1L2a3S4hZE1XF6xeHBm,,,,,,,MFP-GL,,,,,,,,,,,,,,
,Hall 1,PP Gen 5 L2,1,1,,MFP3 Process Confirmation,https://bbm-elpc.bosch.tech/eLPC/CljP/calendar;auditid=U2FsdGVkX1p1L2u3SJbd9tw5s1L2a3S4hoZpiNn7QUxhVBwKjK9DYp1L2u3SRp1L2u3STGgeHEXdmAmgtmRNs1L2a3S4hLp1L2u3Sdas,,,,,,,MFP-GL,,,,,,,,,,,,,,
,Hall 2,PP Gen 6 L1,1,1,,MFP3 Process Confirmation,https://bbm-elpc.bosch.tech/eLPC/CljP/calendar;auditid=U2FsdGVkX1p1L2u3SJOAU3qZgU31XSDJMHIJJaGOku3RoNN2dp5855VC70V9XDM48E6fNQ,,,,,,,MFP-GL,,,,,,,,,,,,,,
,Hall 2,PP Gen 6 L2,1,1,,MFP3 Process Confirmation,https://bbm-elpc.bosch.tech/eLPC/CljP/calendar;auditid=U2FsdGVkX19YFF6vWZB9ZeYC1D9JKpldLP1osrszJILeYQIfzlX71uPkEDGhsB7p,,,,,,,MFP-GL,,,,,,,,,,,,,,
,Hall 1,WSM L3,1,1,,MFP3 Process Confirmation,https://bbm-elpc.bosch.tech/eLPC/CljP/calendar;auditid=U2FsdGVkX1s1L2a3S4hE9PaJDObVioVzjQIPGJ4Cyjd3OtHe8AmwUYQwt73NViDBTyyYTiis,,,,,,,MFP-GL,,,,,,,,,,,,,,
,Hall 1,WSM L4,1,1,,MFP3 Process Confirmation,https://bbm-elpc.bosch.tech/eLPC/CljP/calendar;auditid=U2FsdGVkX19wQMVdacux3c7Wz9mY2nyet69g11X2XsxeFjr1L8lkKUcx90PnuP6i,,,,,,,MFP-GL,,,,,,,,,,,,,,
,Hall 1,AB12 L1,1,1,,Control Plan Process Confirmation,https://bbm-elpc.bosch.tech/eLPC/CljP/calendar;auditid=U2FsdGVkX18uFI9kfAg4QXp1L2u3S5vTWLSoUfVOCAMPTMorlQ6zwpEAp1L2u3S2bl24WVvgp1L2u3SWlc,,,,,,,MFP-GL,MFP-Planner,,,,,,,,,,,,,
,Hall 1,AB12 L2,1,1,,Control Plan Process Confirmation,https://bbm-elpc.bosch.tech/eLPC/CljP/calendar;auditid=U2FsdGVkX1p1L2u3SMxWCUFltDgTp1L2u3SAi9nlUtcUMmZGW3OpBXQQl6xZ9J2CbfWvXZmMWfmr,,,,,,,MFP-GL,MFP-Planner,,,,,,,,,,,,,
,Hall 1,AB12 L3,1,1,,Control Plan Process Confirmation,https://bbm-elpc.bosch.tech/eLPC/CljP/calendar;auditid=U2FsdGVkX1p1L2u3SD2p1L2u3SV36idqRBBm16HTs1L2a3S4hUYFHNnqlH44mpewDl4pnU6oHwyxvER3s1L2a3S4hZVe,,,,,,,MFP-GL,MFP-Planner,,,,,,,,,,,,,
,Hall 1,AB12 Preassembly L1,1,1,,Control Plan Process Confirmation,https://bbm-elpc.bosch.tech/eLPC/CljP/calendar;auditid=U2FsdGVkX19FZOKzRLmGOs1L2a3S4hiW6jsBxgySAf1T5Osrs1L2a3S4hNFdLgoF2tUG6IvpzBbiCW41,,,,,,,MFP-GL,MFP-Planner,,,,,,,,,,,,,
,Hall 1,AB12 Preassembly L2,1,1,,Control Plan Process Confirmation,https://bbm-elpc.bosch.tech/eLPC/CljP/calendar;auditid=U2FsdGVkX18hR4IQEyjMLh46Ys1L2a3S4hSNs1L2a3S4hDKs1L2a3S4hWZxWGwbpvLgQER1R3UDZ1hmYv1t4Ez1c,,,,,,,MFP-GL,MFP-Planner,,,,,,,,,,,,,
,Hall 1,Cutting,1,1,,Control Plan Process Confirmation,https://bbm-elpc.bosch.tech/eLPC/CljP/calendar;auditid=U2FsdGVkX18CcUs1L2a3S4hxTYvjIS0FAxvL6jcs1L2a3S4h79jFH7anMWs3b5pQlrmF4FvKMCdTUocb,,,,,,,MFP-GL,MFP-Planner,,,,,,,,,,,,,
,Hall 3,ebike FA L1,1,1,,Control Plan Process Confirmation,https://bbm-elpc.bosch.tech/eLPC/CljP/calendar;auditid=U2FsdGVkX1p1L2u3SVldf2TKvUcivvRXHwg2u1u0Kfos4Aon0wHkmJx1gvRDYXyknZVTBP,,,,,,,MFP-GL,MFP-Planner,,,,,,,,,,,,,
,Hall 3,ebike FA L2,1,1,,Control Plan Process Confirmation,https://bbm-elpc.bosch.tech/eLPC/CljP/calendar;auditid=U2FsdGVkX1p1L2u3S3C5SpFqhhyKD0NDqUAz6EWqtp1L2u3SgUT5p1L2u3Se3narHpgmJYFNNgmFoinoN6,,,,,,,MFP-GL,MFP-Planner,,,,,,,,,,,,,
,Hall 3,ebike FA L3,1,1,,Control Plan Process Confirmation,https://bbm-elpc.bosch.tech/eLPC/CljP/calendar;auditid=U2FsdGVkX193nU6P43J5Y7y7delWaaSwC1lYTkpnlG2yceq0a6541ekgGwWiEs1L2a3S4h2c,,,,,,,MFP-GL,MFP-Planner,,,,,,,,,,,,,
,Hall 3,ebike FA L4,1,1,,Control Plan Process Confirmation,https://bbm-elpc.bosch.tech/eLPC/CljP/calendar;auditid=U2FsdGVkX19F1XDPM5rEfi65NTpHDBhkbLq3KKGvXj6qTTYW8hTp1L2u3SrZ8u8hi6e95b,,,,,,,MFP-GL,MFP-Planner,,,,,,,,,,,,,
,Hall 3,ebike FA L5,1,1,,Control Plan Process Confirmation,https://bbm-elpc.bosch.tech/eLPC/CljP/calendar;auditid=U2FsdGVkX1s1L2a3S4hW24bp1L2u3SbUT0aptJSmp1L2u3SvshfDuxRt60bh84uB86vKp1L2u3S9BYkg4VVR84cXLo,,,,,,,MFP-GL,MFP-Planner,,,,,,,,,,,,,
,Hall 1,ECM L1,1,1,,Control Plan Process Confirmation,https://bbm-elpc.bosch.tech/eLPC/CljP/calendar;auditid=U2FsdGVkX1p1L2u3SVSfYo8T8QiFfnIq6s8gzmoEEBDbq4sSoTyYeIFTtPtwjoqoy9RT3k,,,,,,,MFP-GL,MFP-Planner,,,,,,,,,,,,,
,Hall 1,ECM L2,1,1,,Control Plan Process Confirmation,https://bbm-elpc.bosch.tech/eLPC/CljP/calendar;auditid=U2FsdGVkX1p1L2u3SzPUsuBwRjXwMBp1L2u3SLp1L2u3SRLXYNIqH9YU511BAttpYySs1L2a3S4hkSletp1L2u3SyLvHaVpq,,,,,,,MFP-GL,MFP-Planner,,,,,,,,,,,,,
,Hall 1,ECM_Cutting,1,1,,Control Plan Process Confirmation,https://bbm-elpc.bosch.tech/eLPC/CljP/calendar;auditid=U2FsdGVkX1s1L2a3S4h2KfXpjrJyBvf29oGHf5nNPs1L2a3S4hkLINwCQcQ9G3syki5ffzyqTi7D7RwV,,,,,,,MFP-GL,MFP-Planner,,,,,,,,,,,,,
,Hall 1,ECM_Welding L1,1,1,,Control Plan Process Confirmation,https://bbm-elpc.bosch.tech/eLPC/CljP/calendar;auditid=U2FsdGVkX19ATreUzxA6snbu6Hb6ds1L2a3S4hd38CaXUoqBVI5psvGqYgCWiJs1L2a3S4hE5bp1L2u3SC36tM,,,,,,,MFP-GL,MFP-Planner,,,,,,,,,,,,,
,Hall 1,ECM_Welding L2,1,1,,Control Plan Process Confirmation,https://bbm-elpc.bosch.tech/eLPC/CljP/calendar;auditid=U2FsdGVkX1s1L2a3S4hBy3nIcXSYhQdHPl1NR5BK34cgZ2j5Yy82XtdvF9gpAAhcpOecVXIm,,,,,,,MFP-GL,MFP-Planner,,,,,,,,,,,,,
,Hall 1,FED,1,1,,Control Plan Process Confirmation,https://bbm-elpc.bosch.tech/eLPC/CljP/calendar;auditid=U2FsdGVkX1s1L2a3S4hXCFjhBcP4YwSYnNIAGtfPh25fEbVlRp1L2u3SuHAYopIRGhw4CmvPbEEp1L2u3SQU,,,,,,,MFP-GL,MFP-Planner,,,,,,,,,,,,,
,Hall 1,Flexline,1,1,,Control Plan Process Confirmation,https://bbm-elpc.bosch.tech/eLPC/CljP/calendar;auditid=U2FsdGVkX19ikTJ1UhnHddlZS8RxZp1L2u3SD7zTALiHL1iLaxRJaFKX5vuvrR3JxUXiuv,,,,,,,MFP-GL,MFP-Planner,,,,,,,,,,,,,
,Hall 1,Flexline_Cutting,1,1,,Control Plan Process Confirmation,https://bbm-elpc.bosch.tech/eLPC/CljP/calendar;auditid=U2FsdGVkX1p1L2u3SGmn04PFiVtBXqjmcs1L2a3S4hCturuof5r1Lrc9WSFpvpljp1L2u3Sejt9GmYGSDyzE,,,,,,,MFP-GL,MFP-Planner,,,,,,,,,,,,,
,Hall 1,Flexline_L2,1,1,,Control Plan Process Confirmation,https://bbm-elpc.bosch.tech/eLPC/CljP/calendar;auditid=U2FsdGVkX1p1L2u3SiblsTIetFUyzUvSftboTVERNvoQIm9NBdMnywOcv7p1L2u3SC13m7bfqfeU,,,,,,,MFP-GL,MFP-Planner,,,,,,,,,,,,,
,Hall 1,FPC5,1,1,,Control Plan Process Confirmation,https://bbm-elpc.bosch.tech/eLPC/CljP/calendar;auditid=U2FsdGVkX18h7JHMyVJOHtER82cChRs1L2a3S4hHFaeX2p1L2u3STZm19HSV4g4QF9C1p1L2u3SJsKuGdYj0,,,,,,,MFP-GL,MFP-Planner,,,,,,,,,,,,,
,Hall 1,GR L1,1,1,,Control Plan Process Confirmation,https://bbm-elpc.bosch.tech/eLPC/CljP/calendar;auditid=U2FsdGVkX19GDaEp9uZJ5FudBilHXXlwhhhs1L2a3S4hZ2I5p1L2u3SAjtdgd1GNDA9jyQA0fXIokD,,,,,,,MFP-GL,MFP-Planner,,,,,,,,,,,,,
,Hall 1,GR L2,1,1,,Control Plan Process Confirmation,https://bbm-elpc.bosch.tech/eLPC/CljP/calendar;auditid=U2FsdGVkX1s1L2a3S4hCs1L2a3S4hb624HhjjB2Js1L2a3S4hb6N4zUjBr6zUP8uiJgBjP74OIVp0Mh3s1L2a3S4hmQp1L2u3Sgs1L2a3S4hyY,,,,,,,MFP-GL,MFP-Planner,,,,,,,,,,,,,
,Hall 1,GR L5,1,1,,Control Plan Process Confirmation,https://bbm-elpc.bosch.tech/eLPC/CljP/calendar;auditid=U2FsdGVkX1s1L2a3S4hGPhxDp1L2u3SJvzzEUfPangfu51HTsECWpyq8NmCvTT6WqjbticP5WNNVp1L2u3SI,,,,,,,MFP-GL,MFP-Planner,,,,,,,,,,,,,
,Hall 1,GR L6,1,1,,Control Plan Process Confirmation,https://bbm-elpc.bosch.tech/eLPC/CljP/calendar;auditid=U2FsdGVkX19pNVry3Cg3KcDs1L2a3S4hKs1L2a3S4hB9ZSvdeQS0PD09tv9iYbFNSNzvb4NwCQkkFWG6,,,,,,,MFP-GL,MFP-Planner,,,,,,,,,,,,,
,Hall 1,GR L7,1,1,,Control Plan Process Confirmation,https://bbm-elpc.bosch.tech/eLPC/CljP/calendar;auditid=U2FsdGVkX19HzW74ui1GUrgLLpBiG8Q7FSgZSyy9c0w5s1L2a3S4hbqHeZGbXsyxeTwp1L2u3SO4zb,,,,,,,MFP-GL,MFP-Planner,,,,,,,,,,,,,
,Hall 1,GR SOBE 1,1,1,,Control Plan Process Confirmation,https://bbm-elpc.bosch.tech/eLPC/CljP/calendar;auditid=U2FsdGVkX18GJRVsUWwr9M9rRVlnOCnqIIiWQT2eBThc6NGNPbsqjRnpDkwQp1L2u3SleY,,,,,,,MFP-GL,MFP-Planner,,,,,,,,,,,,,
,Hall 1,GR SOBE 3,1,1,,Control Plan Process Confirmation,https://bbm-elpc.bosch.tech/eLPC/CljP/calendar;auditid=U2FsdGVkX19dDtzMPtPetqhcLFwMZSiZdTrQdO4Q4GDX7mOJhVDa6wnC8UWQOUQt,,,,,,,MFP-GL,MFP-Planner,,,,,,,,,,,,,
,Hall 3,Lacquering L1,1,1,,Control Plan Process Confirmation,https://bbm-elpc.bosch.tech/eLPC/CljP/calendar;auditid=U2FsdGVkX1s1L2a3S4hR39JXF7nsiVp1L2u3Sjrh2is1L2a3S4h9W7v3jzp1L2u3S5B0tcCaWWm0DBGBp1L2u3SQLVLPLKuai7,,,,,,,MFP-GL,MFP-Planner,,,,,,,,,,,,,
,Hall 3,Lacquering L2,1,1,,Control Plan Process Confirmation,https://bbm-elpc.bosch.tech/eLPC/CljP/calendar;auditid=U2FsdGVkX1p1L2u3S1gUQDQQDUJvp0XsvWpTHSSff9tL0llx3O0s1L2a3S4hvvLSRR8pCIf3c2zp1L2u3Sfl,,,,,,,MFP-GL,MFP-Planner,,,,,,,,,,,,,
,Hall 3,Lacquering L3,1,1,,Control Plan Process Confirmation,https://bbm-elpc.bosch.tech/eLPC/CljP/calendar;auditid=U2FsdGVkX19pi9pUAs1L2a3S4hFZc3inkEt9UiZv0pNs1L2a3S4hc2IQiIyMyUIqPCrOQjUWCQvS169K,,,,,,,MFP-GL,MFP-Planner,,,,,,,,,,,,,
,Hall 3,Lacquering L4,1,1,,Control Plan Process Confirmation,https://bbm-elpc.bosch.tech/eLPC/CljP/calendar;auditid=U2FsdGVkX19cL2cI5g828cs1L2a3S4hFrceBsWoBCp1L2u3S9UtTneryjmWs1L2a3S4h3NUUaVvo0015fNdu6Y,,,,,,,MFP-GL,MFP-Planner,,,,,,,,,,,,,
,Hall 3,Lacquering L7,1,1,,Control Plan Process Confirmation,https://bbm-elpc.bosch.tech/eLPC/CljP/calendar;auditid=U2FsdGVkX18wyj1maP57fBtX6j1U81MxkvdDsDcgp1L2u3SgptQ7YaJjACSqzBV1uns1L2a3S4hLil,,,,,,,MFP-GL,MFP-Planner,,,,,,,,,,,,,
,Hall 3,Lacquering L8,1,1,,Control Plan Process Confirmation,https://bbm-elpc.bosch.tech/eLPC/CljP/calendar;auditid=U2FsdGVkX1p1L2u3Snh2NYIdPn6kHeDUPsb5erB9fZwlwb0pwkkKhDV2k43E52KN5qrn61,,,,,,,MFP-GL,MFP-Planner,,,,,,,,,,,,,
,Hall 3,Lacquering L9,1,1,,Control Plan Process Confirmation,https://bbm-elpc.bosch.tech/eLPC/CljP/calendar;auditid=U2FsdGVkX18LxFcVM6IJvMkm6SCa8hDCNTeCXeiHX6p1L2u3S2VwRM6JAYKllx34xzmqX7,,,,,,,MFP-GL,MFP-Planner,,,,,,,,,,,,,
,Hall 1,PAD,1,1,,Control Plan Process Confirmation,https://bbm-elpc.bosch.tech/eLPC/CljP/calendar;auditid=U2FsdGVkX19MKZRpuateTeeneqU998p1L2u3SaFYOof14p1L2u3SuAJGrAdBzyJe9qglmxlQO4n3,,,,,,,MFP-GL,MFP-Planner,,,,,,,,,,,,,
,Hall 1,PAD_L2,1,1,,Control Plan Process Confirmation,https://bbm-elpc.bosch.tech/eLPC/CljP/calendar;auditid=U2FsdGVkX18v2gIgCib15p1L2u3SZ7nVthItss1L2a3S4hFA3Kw7AAJdfzmzSsH9TXILOCb5UF6Fvh,,,,,,,MFP-GL,MFP-Planner,,,,,,,,,,,,,
,Hall 1,PAD_L3,1,1,,Control Plan Process Confirmation,https://bbm-elpc.bosch.tech/eLPC/CljP/calendar;auditid=U2FsdGVkX18Bdw0Vuykqqg6EQnWhGZ3UBs1L2a3S4hczd36WgxyDGtvYWhHqWxs1L2a3S4hEapRTtMWu,,,,,,,MFP-GL,MFP-Planner,,,,,,,,,,,,,
,Hall 1,PP Gen 5 L1,1,1,,Control Plan Process Confirmation,https://bbm-elpc.bosch.tech/eLPC/CljP/calendar;auditid=U2FsdGVkX1p1L2u3SGZKZc0Pm7Ts1L2a3S4h59W8I6BF45JMyGCm4Ip1L2u3SIBDUhsNwsEwqeypXitNQzUB,,,,,,,MFP-GL,MFP-Planner,,,,,,,,,,,,,
,Hall 1,PP Gen 5 L2,1,1,,Control Plan Process Confirmation,https://bbm-elpc.bosch.tech/eLPC/CljP/calendar;auditid=U2FsdGVkX1s1L2a3S4hwp1L2u3S3JCGiTKIUO2tGXuYuVwp1L2u3S7nqru643OAZVlNgGu68SSFYU8nJRrbn,,,,,,,MFP-GL,MFP-Planner,,,,,,,,,,,,,
,Hall 2,PP Gen 6 L1,1,1,,Control Plan Process Confirmation,https://bbm-elpc.bosch.tech/eLPC/CljP/calendar;auditid=U2FsdGVkX19dGuW0ta1YOmpp1L2u3SSsOqpLWyp1L2u3SmsfoqXhAHccbj4X0QNFLpNIHVrVZFSw,,,,,,,MFP-GL,MFP-Planner,,,,,,,,,,,,,
,Hall 2,PP Gen 6 L2,1,1,,Control Plan Process Confirmation,https://bbm-elpc.bosch.tech/eLPC/CljP/calendar;auditid=U2FsdGVkX1s1L2a3S4h5XZHGlL3KONXkAkhK1AErWxIdgQ2xcnVo13cONPlRZyYJCs1L2a3S4hiUPogi,,,,,,,MFP-GL,MFP-Planner,,,,,,,,,,,,,
,Hall 1,WSM L3,1,1,,Control Plan Process Confirmation,https://bbm-elpc.bosch.tech/eLPC/CljP/calendar;auditid=U2FsdGVkX19mhJUS7uC6X0LJMx36cjp1L2u3SWS6V61NZ3glzcs1L2a3S4hqontFZ3FeWn5rriyBwG,,,,,,,MFP-GL,MFP-Planner,,,,,,,,,,,,,
,Hall 1,WSM L4,1,1,,Control Plan Process Confirmation,https://bbm-elpc.bosch.tech/eLPC/CljP/calendar;auditid=U2FsdGVkX1p1L2u3SrPHuHDuKAy3Up1L2u3SSn0FztyglYvNZhKA8gmPo2R7lffC1jn4KI6CVb83,,,,,,,MFP-GL,MFP-Planner,,,,,,,,,,,,,
,Hall 1,AB12 L1,1,1,,MFP3 Line Planning Pr. Conf.,https://bbm-elpc.bosch.tech/eLPC/CljP/calendar;auditid=U2FsdGVkX18dWjGg8xxZjN2zHp1L2u3SBG412FirorJA8e6Wek7YiQHs1L2a3S4hp1L2u3Ss1L2a3S4hwj2s1L2a3S4hFZlg7kHM,,,,,,,MFP-GL,MFP-Planner,,,,,,,,,,,,,
,Hall 1,AB12 L2,1,1,,MFP3 Line Planning Pr. Conf.,https://bbm-elpc.bosch.tech/eLPC/CljP/calendar;auditid=U2FsdGVkX18AIVNeiRbXWV1re1xNDoXh4c6ERADOdG476ChxdTXnrvAMn4Ce0RXv,,,,,,,MFP-GL,MFP-Planner,,,,,,,,,,,,,
,Hall 1,AB12 L3,1,1,,MFP3 Line Planning Pr. Conf.,https://bbm-elpc.bosch.tech/eLPC/CljP/calendar;auditid=U2FsdGVkX1p1L2u3SfkF7r4QbvdzBXBH0XMOQrTEEGip1L2u3Ss1L2a3S4hHNGjojWB1gyUOcf6V27DUpRt3,,,,,,,MFP-GL,MFP-Planner,,,,,,,,,,,,,
,Hall 1,AB12 Preassembly L1,1,1,,MFP3 Line Planning Pr. Conf.,https://bbm-elpc.bosch.tech/eLPC/CljP/calendar;auditid=U2FsdGVkX19cWr1E6A02cT1s1L2a3S4h2p7BHdrEpuSdTDAVkLbcpGrp1L2u3SFTWt6uop1L2u3S0p1L2u3Sae8bs3,,,,,,,MFP-GL,MFP-Planner,,,,,,,,,,,,,
,Hall 1,AB12 Preassembly L2,1,1,,MFP3 Line Planning Pr. Conf.,https://bbm-elpc.bosch.tech/eLPC/CljP/calendar;auditid=U2FsdGVkX18T7s1L2a3S4h3YHxhxNTZtjElt1WVGevOtLLBaduDvKG3YLcvS4YOrrIhe6pFy,,,,,,,MFP-GL,MFP-Planner,,,,,,,,,,,,,
,Hall 1,Cutting,1,1,,MFP3 Line Planning Pr. Conf.,https://bbm-elpc.bosch.tech/eLPC/CljP/calendar;auditid=U2FsdGVkX1p1L2u3S3VeeSap2OP7Vor2Is1L2a3S4hfvU9MZoVoqL8BC0p1L2u3StWJRpROs1L2a3S4htuqcBkGQHoqt,,,,,,,MFP-GL,MFP-Planner,,,,,,,,,,,,,
,Hall 3,ebike FA L1,1,1,,MFP3 Line Planning Pr. Conf.,https://bbm-elpc.bosch.tech/eLPC/CljP/calendar;auditid=U2FsdGVkX18PtldvCc1cVQ0mMfwThfzJkByFfdNYs1L2a3S4h31RvjvzhJp1L2u3Shb1I0iHC1x4ib,,,,,,,MFP-GL,MFP-Planner,,,,,,,,,,,,,
,Hall 3,ebike FA L2,1,1,,MFP3 Line Planning Pr. Conf.,https://bbm-elpc.bosch.tech/eLPC/CljP/calendar;auditid=U2FsdGVkX19XkqUxs1L2a3S4hZGJxcs1L2a3S4hP63TpjLiy4JOLuOoicAbAs1L2a3S4holnRsbX2QCbawaTe98P,,,,,,,MFP-GL,MFP-Planner,,,,,,,,,,,,,
,Hall 3,ebike FA L3,1,1,,MFP3 Line Planning Pr. Conf.,https://bbm-elpc.bosch.tech/eLPC/CljP/calendar;auditid=U2FsdGVkX1p1L2u3SYQ1iV8mvMlFeUp1L2u3SNgYZHWQmH6uXB8UwVbFV6u2XESgnjN178uyrnHK,,,,,,,MFP-GL,MFP-Planner,,,,,,,,,,,,,
,Hall 3,ebike FA L4,1,1,,MFP3 Line Planning Pr. Conf.,https://bbm-elpc.bosch.tech/eLPC/CljP/calendar;auditid=U2FsdGVkX19s1L2a3S4ht9JhiXCfJt8Hn6Kz4eVshp1L2u3So20RmldYrGt5Lp1L2u3SM0vH4RBOe1OToXp1L2u3S4,,,,,,,MFP-GL,MFP-Planner,,,,,,,,,,,,,
,Hall 3,ebike FA L5,1,1,,MFP3 Line Planning Pr. Conf.,https://bbm-elpc.bosch.tech/eLPC/CljP/calendar;auditid=U2FsdGVkX19KxLJgPoYZTI0zR4k5rYpdu8ck6MrOeIp7zzEFXyGeE9Fy9Oo3ldp1L2u3Sy,,,,,,,MFP-GL,MFP-Planner,,,,,,,,,,,,,
,Hall 1,ECM L1,1,1,,MFP3 Line Planning Pr. Conf.,https://bbm-elpc.bosch.tech/eLPC/CljP/calendar;auditid=U2FsdGVkX1p1L2u3SnEXX9DGv37E6CbF0XHfab6blhCL4qQhhjEf33ZCo1wXaMtR8KsxSS,,,,,,,MFP-GL,MFP-Planner,,,,,,,,,,,,,
,Hall 1,ECM L2,1,1,,MFP3 Line Planning Pr. Conf.,https://bbm-elpc.bosch.tech/eLPC/CljP/calendar;auditid=U2FsdGVkX1s1L2a3S4h9tkT3THIHjs1L2a3S4h0zKs1L2a3S4hJKjJILAoaUZ3enlMp1L2u3SET2D7a7UqMGpORjxBEkxQ,,,,,,,MFP-GL,MFP-Planner,,,,,,,,,,,,,
,Hall 1,ECM_Cutting,1,1,,MFP3 Line Planning Pr. Conf.,https://bbm-elpc.bosch.tech/eLPC/CljP/calendar;auditid=U2FsdGVkX1s1L2a3S4hP9zmRKZyauRk5zUhJsxgavgOdK2OfvkWo9LVXlzWRuuWys6lws1L2a3S4h2CO,,,,,,,MFP-GL,MFP-Planner,,,,,,,,,,,,,
,Hall 1,ECM_Welding L1,1,1,,MFP3 Line Planning Pr. Conf.,https://bbm-elpc.bosch.tech/eLPC/CljP/calendar;auditid=U2FsdGVkX181TauF09Es1L2a3S4hKSKeejVjsJ5tlfMaa4KGkofhMsIHbhnTIdaDf5LuYfZD,,,,,,,MFP-GL,MFP-Planner,,,,,,,,,,,,,
,Hall 1,ECM_Welding L2,1,1,,MFP3 Line Planning Pr. Conf.,https://bbm-elpc.bosch.tech/eLPC/CljP/calendar;auditid=U2FsdGVkX18Qc0K9v7qLtKjlgDqBLZSW5eQcnnWGGsmp1L2u3SFZJG6ETd1oibUNx8Qs1L2a3S4hs1L2a3S4hp1L2u3S,,,,,,,MFP-GL,MFP-Planner,,,,,,,,,,,,,
,Hall 1,FED,1,1,,MFP3 Line Planning Pr. Conf.,https://bbm-elpc.bosch.tech/eLPC/CljP/calendar;auditid=U2FsdGVkX1p1L2u3STtFUGuUou8X5PR4X6buFw58L1iVfs1L2a3S4hxDCGHdJmuVuLvL7ep1L2u3SYs1L2a3S4hs1L2a3S4hLvQO,,,,,,,MFP-GL,MFP-Planner,,,,,,,,,,,,,
,Hall 1,Flexline,1,1,,MFP3 Line Planning Pr. Conf.,https://bbm-elpc.bosch.tech/eLPC/CljP/calendar;auditid=U2FsdGVkX18abj2KKeB1qIa1QeWTS0Vchat0ElMbXAJsLQcVxGp1L2u3S6bwtoHDQuOGfq,,,,,,,MFP-GL,MFP-Planner,,,,,,,,,,,,,
,Hall 1,Flexline_Cutting,1,1,,MFP3 Line Planning Pr. Conf.,https://bbm-elpc.bosch.tech/eLPC/CljP/calendar;auditid=U2FsdGVkX1s1L2a3S4hx2L6KZY8xSMKmPDBbXjSl9GB8K9EIGx4NzvFyHfe5cGaY0RejiELY,,,,,,,MFP-GL,MFP-Planner,,,,,,,,,,,,,
,Hall 1,Flexline_L2,1,1,,MFP3 Line Planning Pr. Conf.,https://bbm-elpc.bosch.tech/eLPC/CljP/calendar;auditid=U2FsdGVkX18tWdJ9MAA3rYMiic2N4HKNpQRVvI1s1L2a3S4hbs9zKMWfTMQC7JDosiWmCdHq,,,,,,,MFP-GL,MFP-Planner,,,,,,,,,,,,,
,Hall 1,FPC5,1,1,,MFP3 Line Planning Pr. Conf.,https://bbm-elpc.bosch.tech/eLPC/CljP/calendar;auditid=U2FsdGVkX1p1L2u3SsjsWsfSPuHUEPb6feJBKQojKooS3klBVQLao8vv69LWCYzHoHyKgT,,,,,,,MFP-GL,MFP-Planner,,,,,,,,,,,,,
,Hall 1,GR L1,1,1,,MFP3 Line Planning Pr. Conf.,https://bbm-elpc.bosch.tech/eLPC/CljP/calendar;auditid=U2FsdGVkX1s1L2a3S4hWnzAFvfxzoas1L2a3S4hqUyzd3vg69MDd7sgCcls0WMHwu5YP6rxDaWWFmk0g,,,,,,,MFP-GL,MFP-Planner,,,,,,,,,,,,,
,Hall 1,GR L2,1,1,,MFP3 Line Planning Pr. Conf.,https://bbm-elpc.bosch.tech/eLPC/CljP/calendar;auditid=U2FsdGVkX18MNPqxXs1L2a3S4hWYfl8ZAnsmg5ss1L2a3S4hcnNwndcovxPwj1N7MBtqXP4VWCZDhGhc,,,,,,,MFP-GL,MFP-Planner,,,,,,,,,,,,,
,Hall 1,GR L5,1,1,,MFP3 Line Planning Pr. Conf.,https://bbm-elpc.bosch.tech/eLPC/CljP/calendar;auditid=U2FsdGVkX19ExGrRMjvPAww2LrjnrGBxHomNm7u08M7GXUvkD8iIvAo8GOBQdkjO,,,,,,,MFP-GL,MFP-Planner,,,,,,,,,,,,,
,Hall 1,GR L6,1,1,,MFP3 Line Planning Pr. Conf.,https://bbm-elpc.bosch.tech/eLPC/CljP/calendar;auditid=U2FsdGVkX1p1L2u3Sp1L2u3Skf2TX7swRHp1L2u3SnsApbK4jcIQ9Jps1L2a3S4hHehsmBnMMrDm9JQlLDBTwWFZp1L2u3Se,,,,,,,MFP-GL,MFP-Planner,,,,,,,,,,,,,
,Hall 1,GR L7,1,1,,MFP3 Line Planning Pr. Conf.,https://bbm-elpc.bosch.tech/eLPC/CljP/calendar;auditid=U2FsdGVkX19wLeYcH88dQaZR8h1XechohLGjmJvS4VNfE1tVyOneO6bsYUrEfzwc,,,,,,,MFP-GL,MFP-Planner,,,,,,,,,,,,,
,Hall 1,GR SOBE 1,1,1,,MFP3 Line Planning Pr. Conf.,https://bbm-elpc.bosch.tech/eLPC/CljP/calendar;auditid=U2FsdGVkX192ASc6ZOKzs1L2a3S4hiLzQqrgXzgyPQ8FbYObWp1L2u3SpNPdcmcnfMNIkHzgKWqyxf,,,,,,,MFP-GL,MFP-Planner,,,,,,,,,,,,,
,Hall 1,GR SOBE 3,1,1,,MFP3 Line Planning Pr. Conf.,https://bbm-elpc.bosch.tech/eLPC/CljP/calendar;auditid=U2FsdGVkX180C1MZkGflDQIgs1L2a3S4hCHaA1wUHJDRs1L2a3S4hQtJdKfzSp1L2u3Sg2h0jfJ4600p1L2u3SWWs1L2a3S4hvlp1L2u3S,,,,,,,MFP-GL,MFP-Planner,,,,,,,,,,,,,
,Hall 3,Lacquering L1,1,1,,MFP3 Line Planning Pr. Conf.,https://bbm-elpc.bosch.tech/eLPC/CljP/calendar;auditid=U2FsdGVkX1p1L2u3S4ZoyTYHoZBs1L2a3S4haTc0hI3KchsnJRAFo45Cmr7X6fTvZAgOe5rp1L2u3SDbwjnx,,,,,,,MFP-GL,MFP-Planner,,,,,,,,,,,,,
,Hall 3,Lacquering L2,1,1,,MFP3 Line Planning Pr. Conf.,https://bbm-elpc.bosch.tech/eLPC/CljP/calendar;auditid=U2FsdGVkX1s1L2a3S4hTOoH3Im319oSLir9UfRvGtk73GWqCv2wRNNU7StjdrGp1L2u3SkCpPC0h0S,,,,,,,MFP-GL,MFP-Planner,,,,,,,,,,,,,
,Hall 3,Lacquering L3,1,1,,MFP3 Line Planning Pr. Conf.,https://bbm-elpc.bosch.tech/eLPC/CljP/calendar;auditid=U2FsdGVkX1p1L2u3SJzl4ctUZ5Ei4PwxPA7Zp1L2u3Sp1L2u3Ss9Y2rxp1L2u3Smlzpm1mM8wrIRTIUUps1L2a3S4hSadbyC,,,,,,,MFP-GL,MFP-Planner,,,,,,,,,,,,,
,Hall 3,Lacquering L4,1,1,,MFP3 Line Planning Pr. Conf.,https://bbm-elpc.bosch.tech/eLPC/CljP/calendar;auditid=U2FsdGVkX188Lopc9afJSSHDRP620JrbVQVdBNLUHbEfNLTgPnrspHuDJFxT90rv,,,,,,,MFP-GL,MFP-Planner,,,,,,,,,,,,,
,Hall 3,Lacquering L7,1,1,,MFP3 Line Planning Pr. Conf.,https://bbm-elpc.bosch.tech/eLPC/CljP/calendar;auditid=U2FsdGVkX18OP0kcbUj6gSp1L2u3SCy9oDSB2JPcJnKs1L2a3S4h7On9RV3jxs1L2a3S4hNI75Ccj4hSbej2LL,,,,,,,MFP-GL,MFP-Planner,,,,,,,,,,,,,
,Hall 3,Lacquering L8,1,1,,MFP3 Line Planning Pr. Conf.,https://bbm-elpc.bosch.tech/eLPC/CljP/calendar;auditid=U2FsdGVkX19blqf3DtTs1L2a3S4hBl4lms1L2a3S4h1i7v9SkPxu8Is1L2a3S4hZDpKPCGXceJByad2SR5g8lMFK,,,,,,,MFP-GL,MFP-Planner,,,,,,,,,,,,,
,Hall 3,Lacquering L9,1,1,,MFP3 Line Planning Pr. Conf.,https://bbm-elpc.bosch.tech/eLPC/CljP/calendar;auditid=U2FsdGVkX1s1L2a3S4hu4vRweEj4s1L2a3S4hesPnnVN70cCmHHRe41FDWIF7UPUtNHzlIJYspJH5Yzi,,,,,,,MFP-GL,MFP-Planner,,,,,,,,,,,,,
,Hall 1,PAD,1,1,,MFP3 Line Planning Pr. Conf.,https://bbm-elpc.bosch.tech/eLPC/CljP/calendar;auditid=U2FsdGVkX197iT0tQis1L2a3S4hxQWP7dAzrBMHp1L2u3Snw4VB5UO1ns29Qs4huGGsjaA7n7qGeqA,,,,,,,MFP-GL,MFP-Planner,,,,,,,,,,,,,
,Hall 1,PAD_L2,1,1,,MFP3 Line Planning Pr. Conf.,https://bbm-elpc.bosch.tech/eLPC/CljP/calendar;auditid=U2FsdGVkX18DuxcLuVsH8hNQcHPSP83H7PrCacNaTEpWkJYUCR73jMOy0Gur7SzS,,,,,,,MFP-GL,MFP-Planner,,,,,,,,,,,,,
,Hall 1,PAD_L3,1,1,,MFP3 Line Planning Pr. Conf.,https://bbm-elpc.bosch.tech/eLPC/CljP/calendar;auditid=U2FsdGVkX189DMdShrQipExHLp1L2u3S287ZbpqPPeq58wiPvwGX7dd5hzwbUPBy0b0y9e,,,,,,,MFP-GL,MFP-Planner,,,,,,,,,,,,,
,Hall 1,PP Gen 5 L1,1,1,,MFP3 Line Planning Pr. Conf.,https://bbm-elpc.bosch.tech/eLPC/CljP/calendar;auditid=U2FsdGVkX1s1L2a3S4hBI4ap1L2u3S8qlLUsqOE4JWEiphIxIWZGyzVE4MuiuKcgzAk24X8PCmcs35,,,,,,,MFP-GL,MFP-Planner,,,,,,,,,,,,,
,Hall 1,PP Gen 5 L2,1,1,,MFP3 Line Planning Pr. Conf.,https://bbm-elpc.bosch.tech/eLPC/CljP/calendar;auditid=U2FsdGVkX1s1L2a3S4hXklt11yjrvUybw8TOtN6MIfYfY5PDP4nA7J739fnguQGiRMnp1L2u3Sb3s1L2a3S4hF,,,,,,,MFP-GL,MFP-Planner,,,,,,,,,,,,,
,Hall 2,PP Gen 6 L1,1,1,,MFP3 Line Planning Pr. Conf.,https://bbm-elpc.bosch.tech/eLPC/CljP/calendar;auditid=U2FsdGVkX1s1L2a3S4hXSEK0xg7ikoa77RbN5s1L2a3S4hDdm3AuK6oESehy5wjIsUpeUlhwHAlzaLp1L2u3SA,,,,,,,MFP-GL,MFP-Planner,,,,,,,,,,,,,
,Hall 2,PP Gen 6 L2,1,1,,MFP3 Line Planning Pr. Conf.,https://bbm-elpc.bosch.tech/eLPC/CljP/calendar;auditid=U2FsdGVkX1s1L2a3S4hwWcpCgkYd9Brvey4C7irWOBD9khul2TKA8Uks1L2a3S4h2QfcamSJLRlOJwKl,,,,,,,MFP-GL,MFP-Planner,,,,,,,,,,,,,
,Hall 1,WSM L3,1,1,,MFP3 Line Planning Pr. Conf.,https://bbm-elpc.bosch.tech/eLPC/CljP/calendar;auditid=U2FsdGVkX196EWAPXDock0KAagf9zrkd7jccx4KCJJL2fMxTGaYKlbV5UYQWK48P,,,,,,,MFP-GL,MFP-Planner,,,,,,,,,,,,,
,Hall 1,WSM L4,1,1,,MFP3 Line Planning Pr. Conf.,https://bbm-elpc.bosch.tech/eLPC/CljP/calendar;auditid=U2FsdGVkX19Bop1L2u3Sup1L2u3Shp1L2u3S0EEBZkQ1stEtUd15vbnhpla4ZU4JMHOkBwpEBcZ4974v7C,,,,,,,MFP-GL,MFP-Planner,,,,,,,,,,,,,
,C119 Area,C119 Area,1,1,,C119 Area Process Confirmation,https://bbm-elpc.bosch.tech/eLPC/CljP/calendar;auditid=U2FsdGVkX19lYFdoTZ63TeJAaLLzBT5kWBs1L2a3S4hiWoUq3J1djp1L2u3SSfs1L2a3S4hp1L2u3SIkIKEXIDenN9jo,,,,,,,MFP-GL,,,,,,,,,,,,,,
,Hall 1,AB12 L1,1,1,,AQT Process Confirmation,https://bbm-elpc.bosch.tech/eLPC/CljP/calendar;auditid=U2FsdGVkX1p1L2u3SFrZ1R4N5jPbZn5D6qcxitFlgUAyXp1L2u3SVKJBgJ16PryusG3Jds1L2a3S4huCepZt,,,,,,,,,,,VSM,,,,,,,,,,MOE-T
,Hall 1,AB12 L2,1,1,,AQT Process Confirmation,https://bbm-elpc.bosch.tech/eLPC/CljP/calendar;auditid=U2FsdGVkX19fDbI6J1bNMJAzXCrnefs1L2a3S4hSCs1L2a3S4hs1L2a3S4hU8ueZpwBdd84MtSEug0tGvp1L2u3SbLFj8t,,,,,,,,,,,VSM,,,,,,,,,,MOE-T
,Hall 1,AB12 L3,1,1,,AQT Process Confirmation,https://bbm-elpc.bosch.tech/eLPC/CljP/calendar;auditid=U2FsdGVkX19WQFhljjRnxcRfyPUTQHnaNQOUwfdl5Ieo4yU613u1jbYzOgk2sSe1,,,,,,,,,,,VSM,,,,,,,,,,MOE-T
,Hall 1,AB12 Preassembly L1,1,1,,AQT Process Confirmation,https://bbm-elpc.bosch.tech/eLPC/CljP/calendar;auditid=U2FsdGVkX18REceQEjYULhuqhG78obXlehEeg7Bi6w2lf7vD00brSergG9K8IYXl,,,,,,,,,,,VSM,,,,,,,,,,MOE-T
,Hall 1,AB12 Preassembly L2,1,1,,AQT Process Confirmation,https://bbm-elpc.bosch.tech/eLPC/CljP/calendar;auditid=U2FsdGVkX1p1L2u3ScRQKn9tQIqJNuF0ukkTIRGetrzs1L2a3S4hp39Nt4VqJ19mKes1L2a3S4h5aJNbGMQa4Q,,,,,,,,,,,VSM,,,,,,,,,,MOE-T
,Hall 1,Cutting,1,1,,AQT Process Confirmation,https://bbm-elpc.bosch.tech/eLPC/CljP/calendar;auditid=U2FsdGVkX1s1L2a3S4hmqJvHbWZfgB33DrNo4mZV5842qW2ATrrWfvgv1a0MixWLHw3s1L2a3S4hHtk6,,,,,,,,,,,VSM,,,,,,,,,,MOE-T
,Hall 3,ebike FA L1,1,1,,AQT Process Confirmation,https://bbm-elpc.bosch.tech/eLPC/CljP/calendar;auditid=U2FsdGVkX1p1L2u3SHNtchCVT4qp1L2u3S2ieBGKRzbsNNVEMK4Gs1L2a3S4hTh9p1L2u3StijnjpP5eF5WH3mlH4z,,,,,,,,,,,VSM,,,,,,,,,,MOE-T
,Hall 3,ebike FA L2,1,1,,AQT Process Confirmation,https://bbm-elpc.bosch.tech/eLPC/CljP/calendar;auditid=U2FsdGVkX1s1L2a3S4hDthblfXUBMKp1L2u3SLMap1L2u3SLZSkdp1L2u3Ss1L2a3S4htDtYvDIAOsMvIx6kuNaY8iX3yxOUBg,,,,,,,,,,,VSM,,,,,,,,,,MOE-T
,Hall 3,ebike FA L3,1,1,,AQT Process Confirmation,https://bbm-elpc.bosch.tech/eLPC/CljP/calendar;auditid=U2FsdGVkX1p1L2u3SocDrxZKjaYtfjrCSkVpIAmiV189evIp1L2u3SQOo81st2KyQJQ4L0sTZds1L2a3S4hI,,,,,,,,,,,VSM,,,,,,,,,,MOE-T
,Hall 3,ebike FA L4,1,1,,AQT Process Confirmation,https://bbm-elpc.bosch.tech/eLPC/CljP/calendar;auditid=U2FsdGVkX1s1L2a3S4hfXmGcCp0Ydydp0l4aDhnU1xOIYyo6IIL218l3hYpTd3VQxC08ZEyO,,,,,,,,,,,VSM,,,,,,,,,,MOE-T
,Hall 3,ebike FA L5,1,1,,AQT Process Confirmation,https://bbm-elpc.bosch.tech/eLPC/CljP/calendar;auditid=U2FsdGVkX19wK813xp1L2u3SsnHRkYgriVURR1q7MPhGp1L2u3SLKUhAyi1XxlthJsaxZA4UTqp1L2u3SM,,,,,,,,,,,VSM,,,,,,,,,,MOE-T
,Hall 1,ECM L1,1,1,,AQT Process Confirmation,https://bbm-elpc.bosch.tech/eLPC/CljP/calendar;auditid=U2FsdGVkX19cFBQzCeeYV8YSuHZ0FjZwfOcAfuhQ2OfQlV35eLwSYwiIm56hx0CN,,,,,,,,,,,VSM,,,,,,,,,,MOE-T
,Hall 1,ECM L2,1,1,,AQT Process Confirmation,https://bbm-elpc.bosch.tech/eLPC/CljP/calendar;auditid=U2FsdGVkX1s1L2a3S4hWZJQ4o3UY1lWWonndIz6XvNtNv3nTV98WKE3Js1L2a3S4hwGiYD5ZctNJNx0f,,,,,,,,,,,VSM,,,,,,,,,,MOE-T
,Hall 1,ECM_Cutting,1,1,,AQT Process Confirmation,https://bbm-elpc.bosch.tech/eLPC/CljP/calendar;auditid=U2FsdGVkX19cvsGUV8aaZhY8ifwemyBeMcyHp1L2u3SdlnmHC1NTB96OnufboTp1L2u3S8lqRJeb,,,,,,,,,,,VSM,,,,,,,,,,MOE-T
,Hall 1,ECM_Welding L1,1,1,,AQT Process Confirmation,https://bbm-elpc.bosch.tech/eLPC/CljP/calendar;auditid=U2FsdGVkX19P1e5lGWPZ2PrppsARDsABpEK3ZhXtxvXWX2odRzE4tp1L2u3SOnJKsSkmwh,,,,,,,,,,,VSM,,,,,,,,,,MOE-T
,Hall 1,ECM_Welding L2,1,1,,AQT Process Confirmation,https://bbm-elpc.bosch.tech/eLPC/CljP/calendar;auditid=U2FsdGVkX19ioqVOEFPPSlECOoqK1GGJuijfU3sahtIuvk4QT3Y9iAjazhAfL6q8,,,,,,,,,,,VSM,,,,,,,,,,MOE-T
,Hall 1,FED,1,1,,AQT Process Confirmation,https://bbm-elpc.bosch.tech/eLPC/CljP/calendar;auditid=U2FsdGVkX19HlAjJqqBsDVBskCno1KGxCldh4fl8BG4fmReViL9rCqLKpPo0eLSD,,,,,,,,,,,VSM,,,,,,,,,,MOE-T
,Hall 1,Flexline,1,1,,AQT Process Confirmation,https://bbm-elpc.bosch.tech/eLPC/CljP/calendar;auditid=U2FsdGVkX18s1L2a3S4h3SjPjCRKZKnryoL4s1L2a3S4hKYRKla3673TILmEnkGgLE7Ec2VZafeJL0Hz,,,,,,,,,,,VSM,,,,,,,,,,MOE-T
,Hall 1,Flexline_Cutting,1,1,,AQT Process Confirmation,,,,,,,,,,,,VSM,,,,,,,,,,MOE-T
,Hall 1,Flexline_L2,1,1,,AQT Process Confirmation,,,,,,,,,,,,VSM,,,,,,,,,,MOE-T
,Hall 1,FPC5,1,1,,AQT Process Confirmation,https://bbm-elpc.bosch.tech/eLPC/CljP/calendar;auditid=U2FsdGVkX18zoatm2nYap1L2u3Sar7T9qBbCTEIXMbZi5ECDCBLR1htyMyoEcNamiQrY3j,,,,,,,,,,,VSM,,,,,,,,,,MOE-T
,Hall 1,GR L1,1,1,,AQT Process Confirmation,https://bbm-elpc.bosch.tech/eLPC/CljP/calendar;auditid=U2FsdGVkX192m6s1L2a3S4h6ubWtT75IackUlMivSnbLes7Ap1L2u3SRlMgNwBbL1qnuongMJqrYa8,,,,,,,,,,,VSM,,,,,,,,,,MOE-T
,Hall 1,GR L2,1,1,,AQT Process Confirmation,https://bbm-elpc.bosch.tech/eLPC/CljP/calendar;auditid=U2FsdGVkX19xNXw4h3fJ3XDXgltq2v9Z31B5UgMcu1p1L2u3SHDQcvZrwqVHMGs1L2a3S4htIXs1L2a3S4hthO,,,,,,,,,,,VSM,,,,,,,,,,MOE-T
,Hall 1,GR L5,1,1,,AQT Process Confirmation,https://bbm-elpc.bosch.tech/eLPC/CljP/calendar;auditid=U2FsdGVkX1s1L2a3S4hUIslnpfjViUIxap1L2u3S1DewyWcGobKIiDQwgEBljVVZSFOmSDHfmizW2d,,,,,,,,,,,VSM,,,,,,,,,,MOE-T
,Hall 1,GR L6,1,1,,AQT Process Confirmation,https://bbm-elpc.bosch.tech/eLPC/CljP/calendar;auditid=U2FsdGVkX19p1L2u3SYH12sU7VBCg9NY7M4VIF7p1L2u3S1EaqVJigar16NSuWbwhoJJQWDwKs1L2a3S4hkS,,,,,,,,,,,VSM,,,,,,,,,,MOE-T
,Hall 1,GR L7,1,1,,AQT Process Confirmation,https://bbm-elpc.bosch.tech/eLPC/CljP/calendar;auditid=U2FsdGVkX18nZuVD0R6YUuUZMOa4dV8oqVUxzJaAL4Iwx36gsueUy4940rLeT3TK,,,,,,,,,,,VSM,,,,,,,,,,MOE-T
,Hall 1,GR SOBE 1,1,1,,AQT Process Confirmation,https://bbm-elpc.bosch.tech/eLPC/CljP/calendar;auditid=U2FsdGVkX18cTFVfpJnOT9YMNn8laLzTxRj09PAwnUAxNs8a2UsxHluUbGL4EUud,,,,,,,,,,,VSM,,,,,,,,,,MOE-T
,Hall 1,GR SOBE 3,1,1,,AQT Process Confirmation,https://bbm-elpc.bosch.tech/eLPC/CljP/calendar;auditid=U2FsdGVkX18X8IDFqq8uiqp68L5xb9m5UlbB1NQtduSKcDodM0wYL3Mq1dvXgFVk,,,,,,,,,,,VSM,,,,,,,,,,MOE-T
,Hall 3,Lacquering L1,1,1,,AQT Process Confirmation,https://bbm-elpc.bosch.tech/eLPC/CljP/calendar;auditid=U2FsdGVkX19fhUs1L2a3S4hsUP4DPCXP83iiJyNGUkn3tkmOa3ts1L2a3S4hRs1L2a3S4hyE6p1L2u3SUT4GWmxYjvQhBK,,,,,,,,,,,VSM,,,,,,,,,,MOE-T
,Hall 3,Lacquering L2,1,1,,AQT Process Confirmation,https://bbm-elpc.bosch.tech/eLPC/CljP/calendar;auditid=U2FsdGVkX18JEMdkKRcSHxh0s1L2a3S4htRSgp1L2u3SCPM5S47PphFWuvECTPEeWMDzPNyPDQs1L2a3S4hwUp1L2u3S,,,,,,,,,,,VSM,,,,,,,,,,MOE-T
,Hall 3,Lacquering L3,1,1,,AQT Process Confirmation,https://bbm-elpc.bosch.tech/eLPC/CljP/calendar;auditid=U2FsdGVkX1p1L2u3SAKqp1L2u3SdAp1L2u3SNp7RmFWwY2Ds1L2a3S4hb1Bds1L2a3S4htzCcIe0Lb4p1L2u3SOxRcQS89V6Fnpvvvsd,,,,,,,,,,,VSM,,,,,,,,,,MOE-T
,Hall 3,Lacquering L4,1,1,,AQT Process Confirmation,https://bbm-elpc.bosch.tech/eLPC/CljP/calendar;auditid=U2FsdGVkX18EWc4p1L2u3S42QUBgptaAts1L2a3S4hxQp1L2u3StjwpeUt2imbMiqp1L2u3S4G64TuMfInIhEgLdc8,,,,,,,,,,,VSM,,,,,,,,,,MOE-T
,Hall 3,Lacquering L7,1,1,,AQT Process Confirmation,https://bbm-elpc.bosch.tech/eLPC/CljP/calendar;auditid=U2FsdGVkX1p1L2u3SFdPmxaaKJYeFUUWApthx4cSNtgYJilJXeq9xuT66OrzG9HcaQXC84,,,,,,,,,,,VSM,,,,,,,,,,MOE-T
,Hall 3,Lacquering L8,1,1,,AQT Process Confirmation,https://bbm-elpc.bosch.tech/eLPC/CljP/calendar;auditid=U2FsdGVkX18XZi6vxYLmH6wmNGdQafzfeMjdVdmbte12NeRVOg27i7p1L2u3SwtlIggY3s,,,,,,,,,,,VSM,,,,,,,,,,MOE-T
,Hall 3,Lacquering L9,1,1,,AQT Process Confirmation,https://bbm-elpc.bosch.tech/eLPC/CljP/calendar;auditid=U2FsdGVkX1s1L2a3S4hig21TAhX2umt1SewO8tep1L2u3SJKKA6m93Eh2p1L2u3ST1O5BJSfcoP8ZiUQ1zOP,,,,,,,,,,,VSM,,,,,,,,,,MOE-T
,Hall 1,PAD,1,1,,AQT Process Confirmation,https://bbm-elpc.bosch.tech/eLPC/CljP/calendar;auditid=U2FsdGVkX1875RydXrY1745IkE0hmmNANXRNhkqXQAteKey78X4GsZ5UIl8vks8U,,,,,,,,,,,VSM,,,,,,,,,,MOE-T
,Hall 1,PAD_L2,1,1,,AQT Process Confirmation,,,,,,,,,,,,VSM,,,,,,,,,,MOE-T
,Hall 1,PAD_L3,1,1,,AQT Process Confirmation,,,,,,,,,,,,VSM,,,,,,,,,,MOE-T
,Hall 1,PP Gen 5 L1,1,1,,AQT Process Confirmation,https://bbm-elpc.bosch.tech/eLPC/CljP/calendar;auditid=U2FsdGVkX1s1L2a3S4hYDs1L2a3S4hoLIXNDq2GN6ydYEVwt1W3XX8p1L2u3StzHLWo8Ak9x8kFQS1IDOqrGyk,,,,,,,,,,,VSM,,,,,,,,,,MOE-T
,Hall 1,PP Gen 5 L2,1,1,,AQT Process Confirmation,https://bbm-elpc.bosch.tech/eLPC/CljP/calendar;auditid=U2FsdGVkX19i8paPphMs1L2a3S4hrY2Kp9C5u3rFIhAHgmX4znJJLrc1F8IqSU6p1L2u3S2kpXpMN6,,,,,,,,,,,VSM,,,,,,,,,,MOE-T
,Hall 2,PP Gen 6 L1,1,1,,AQT Process Confirmation,https://bbm-elpc.bosch.tech/eLPC/CljP/calendar;auditid=U2FsdGVkX1s1L2a3S4hbjh6YdIGAiODViS4Ip1L2u3SN0VOwc1z1JPCCDbPYZT2Nxzyds1L2a3S4hrcp1L2u3SjX7qAU,,,,,,,,,,,VSM,,,,,,,,,,MOE-T
,Hall 2,PP Gen 6 L2,1,1,,AQT Process Confirmation,https://bbm-elpc.bosch.tech/eLPC/CljP/calendar;auditid=U2FsdGVkX19CfUwmvsaHjZoGBpxZPDkNQDhcFvv4dOCVTOku5c4q1kZw3WSZbyFN,,,,,,,,,,,VSM,,,,,,,,,,MOE-T
,Hall 1,WSM L3,1,1,,AQT Process Confirmation,https://bbm-elpc.bosch.tech/eLPC/CljP/calendar;auditid=U2FsdGVkX19EnaAmzknde8CrxZcAB09b3v3UVzpwsMCsLKJ6Vzn6jfIGTOi1HvRa,,,,,,,,,,,VSM,,,,,,,,,,MOE-T
,Hall 1,WSM L4,1,1,,AQT Process Confirmation,https://bbm-elpc.bosch.tech/eLPC/CljP/calendar;auditid=U2FsdGVkX186sIn5p1L2u3S9f3jDECzVjmUkAFyDJG78YLCfInajhebE9VjquTB2891Pio,,,,,,,,,,,VSM,,,,,,,,,,MOE-T
,Hall 1,DMM AB12,1,1,,DMM Process Confirmation,https://bbm-elpc.bosch.tech/eLPC/CljP/calendar;auditid=U2FsdGVkX19j73yJx1bTyNpoUJ2HwHMQlGnjtv1wzpTOJckGHF1ke05TWahQPrSH,,,,,,,,,,,,,,,,,,,,,
,Hall 1,DMM WSM,1,1,,DMM Process Confirmation,https://bbm-elpc.bosch.tech/eLPC/CljP/calendar;auditid=U2FsdGVkX18POoaTlR6HkN1GE6GgMSsp1L2u3SQs1L2a3S4hMvS0IQnQ1MLOIyU8TGwi7f27SzveuQ,MFO-LL,MFO-SL,MFO-FM,MFO-GL,,,,,,,,,,,,,,,,,
,Hall 1,DMM GR,1,1,,DMM Process Confirmation,https://bbm-elpc.bosch.tech/eLPC/CljP/calendar;auditid=U2FsdGVkX18n20mmp1L2u3SBdNXBsYAQSPmKadjPOmE4u8Pp1L2u3Ss1L2a3S4hs6mUNMHGuwZqCrH2ztgXl,MFO-LL,MFO-SL,MFO-FM,MFO-GL,,,,,,,,,,,,,,,,,
,Hall 1,DMM ECM,1,1,,DMM Process Confirmation,https://bbm-elpc.bosch.tech/eLPC/CljP/calendar;auditid=U2FsdGVkX1p1L2u3SZ7tsyMpf1gPoBOaFfgtF54dOBGs1L2a3S4h8NCr7MnROqfRlxUu4sTLses1L2a3S4hKhd,MFO-LL,MFO-SL,MFO-FM,MFO-GL,,,,,,,,,,,,,,,,,
,Hall 1,DMM FED FPC5,1,1,,DMM Process Confirmation,https://bbm-elpc.bosch.tech/eLPC/CljP/calendar;auditid=U2FsdGVkX1s1L2a3S4hJfE28LSNU4YTWnWQUjmPh80vFmJBV2f2McO7t26GarUt8EiqTs63q,MFO-LL,MFO-SL,MFO-FM,MFO-GL,,,,,,,,,,,,,,,,,
,Hall 3,DMM E-Bike,1,1,,DMM Process Confirmation,https://bbm-elpc.bosch.tech/eLPC/CljP/calendar;auditid=U2FsdGVkX1p1L2u3Ss1L2a3S4h9Z1eegvqlsUs1L2a3S4ha6qgH1lgECDQ8GIiQss1L2a3S4hnCc5knOdca65mVLKEs1L2a3S4hqVs,MFO-LL,MFO-SL,MFO-FM,MFO-GL,,,,,,,,,,,,,,,,,
,Hall 1,DMM PAD PCE Flexline,1,1,,DMM Process Confirmation,https://bbm-elpc.bosch.tech/eLPC/CljP/calendar;auditid=U2FsdGVkX1p1L2u3SirHBHgK8cds1L2a3S4hUNB8d2lUe00HRAIwJgwkQM112RGCkQJ2onKHrWVzfC,MFO-LL,MFO-SL,MFO-FM,MFO-GL,,,,,,,,,,,,,,,,,
,Hall 1,DMM Lacquering Hall1,1,1,,DMM Process Confirmation,https://bbm-elpc.bosch.tech/eLPC/CljP/calendar;auditid=U2FsdGVkX18DlQg8VJUuJFvcwHU4V8LrCMZP4kmHE50k1CxICeOIJuUFd4oUT2Rp,MFO-LL,MFO-SL,MFO-FM,MFO-GL,,,,,,,,,,,,,,,,,
,Hall 2,DMM Lacquering Hall2,1,1,,DMM Process Confirmation,https://bbm-elpc.bosch.tech/eLPC/CljP/calendar;auditid=U2FsdGVkX1s1L2a3S4h30URiG6NKcxrap1L2u3Ss4ZnWsdZksGU9YjDZfvrv4wsyWrQE1zdoxEpkp1L2u3Sm,MFO-LL,MFO-SL,MFO-FM,MFO-GL,,,,,,,,,,,,,,,,,
,Hall 1,DMM PP Gen 5 ,1,1,,DMM Process Confirmation,https://bbm-elpc.bosch.tech/eLPC/CljP/calendar;auditid=U2FsdGVkX1p1L2u3SxT2EJXOIgiD1in7hfUzKPH9RHVp1L2u3S0I2GXd9tQ6tvAV5hJPWMY4oPi9,MFO-LL,MFO-SL,MFO-FM,MFO-GL,,,,,,,,,,,,,,,,,
,Hall 2,DMM PP Gen 6 ,1,1,,DMM Process Confirmation,https://bbm-elpc.bosch.tech/eLPC/CljP/calendar;auditid=U2FsdGVkX19xa098JBTaKMFYRs1L2a3S4h5N1perm1ycChRRKuKRgMk9BchYUmlsffwYtWRI,MFO-LL,MFO-SL,MFO-FM,MFO-GL,,,,,,,,,,,,,,,,,
,Hall 1,VS DMM,1,1,,DMM Process Confirmation,https://bbm-elpc.bosch.tech/eLPC/CljP/calendar;auditid=U2FsdGVkX1s1L2a3S4hdkeBpm7p1L2u3SZaO6p3Ns1L2a3S4h1nZkyu8Hoyn85SxRAwumRFgs7ab7ig0pReVFh,,,,,,,,,,,VSM,,,,,,,,,,
,Hall 2,VS DMM,1,1,,DMM Process Confirmation,https://bbm-elpc.bosch.tech/eLPC/CljP/calendar;auditid=U2FsdGVkX1s1L2a3S4hdkeBpm7p1L2u3SZaO6p3Ns1L2a3S4h1nZkyu8Hoyn85SxRAwumRFgs7ab7ig0pReVFh,,,,,,,,,,,VSM,,,,,,,,,,
,Hall 3,VS DMM,1,1,,DMM Process Confirmation,https://bbm-elpc.bosch.tech/eLPC/CljP/calendar;auditid=U2FsdGVkX1s1L2a3S4hdkeBpm7p1L2u3SZaO6p3Ns1L2a3S4h1nZkyu8Hoyn85SxRAwumRFgs7ab7ig0pReVFh,,,,,,,,,,,VSM,,,,,,,,,,
,Hall 1,AB12 L1,1,1,,PT Pr. Conf. for Std. Work & DLR,https://bbm-elpc.bosch.tech/eLPC/CljP/calendar;auditid=U2FsdGVkX1s1L2a3S4hqihjs1L2a3S4hEqDQlFfjZpls1L2a3S4hG1p1L2u3SBp1L2u3SAIOicndWWSWplMDui2nYtv236DiUfiY,,,,,,,,,PT,,,,,,,,,,,,
,Hall 1,AB12 L2,1,1,,PT Pr. Conf. for Std. Work & DLR,https://bbm-elpc.bosch.tech/eLPC/CljP/calendar;auditid=U2FsdGVkX18PFsjppjvtKqBmaEOMv3Du334L5BRGT4bHq1MWutLbp1L2u3S3v6B4v6KbUt,,,,,,,,,PT,,,,,,,,,,,,
,Hall 1,AB12 L3,1,1,,PT Pr. Conf. for Std. Work & DLR,https://bbm-elpc.bosch.tech/eLPC/CljP/calendar;auditid=U2FsdGVkX1s1L2a3S4hFmWLN4ROghjJzvQL6Po09XaI2XqpTkJH6JfIfOnWkvzzvK5mNoka8,,,,,,,,,PT,,,,,,,,,,,,
,Hall 1,AB12 Preassembly L1,1,1,,PT Pr. Conf. for Std. Work & DLR,https://bbm-elpc.bosch.tech/eLPC/CljP/calendar;auditid=U2FsdGVkX1p1L2u3SvTLsWLkPdBIh6FbqByRXLntL5hJIJwIQ0G7p1L2u3StGR90Vfdj6bzxpRII,,,,,,,,,PT,,,,,,,,,,,,
,Hall 1,AB12 Preassembly L2,1,1,,PT Pr. Conf. for Std. Work & DLR,https://bbm-elpc.bosch.tech/eLPC/CljP/calendar;auditid=U2FsdGVkX18ZE1Irucp1L2u3S9AYs1L2a3S4h6KOTNau0dCpPHbYXZkesNsLU2B71qLHZ6dqFiQ3h3,,,,,,,,,PT,,,,,,,,,,,,
,Hall 1,Cutting,1,1,,PT Pr. Conf. for Std. Work & DLR,https://bbm-elpc.bosch.tech/eLPC/CljP/calendar;auditid=U2FsdGVkX1p1L2u3SLDuRZEVIYz8ecOWofkmVzZtRaeqXwckDSKAPXDeOaiEFrh5FE6s9I,,,,,,,,,PT,,,,,,,,,,,,
,Hall 3,ebike FA L1,1,1,,PT Pr. Conf. for Std. Work & DLR,https://bbm-elpc.bosch.tech/eLPC/CljP/calendar;auditid=U2FsdGVkX18js1L2a3S4hxYYHDmZfmNgx2RrY1I7lhbrj7cMmJODIiS6mRYCPqWkfRid1MIk,,,,,,,,,PT,,,,,,,,,,,,
,Hall 3,ebike FA L2,1,1,,PT Pr. Conf. for Std. Work & DLR,https://bbm-elpc.bosch.tech/eLPC/CljP/calendar;auditid=U2FsdGVkX1s1L2a3S4hp1L2u3STNrU7Ne85GPpXjzjOLlYLzoUyseOHKs1L2a3S4hdp42omeVeKrYt2aXJAbns1L2a3S4h,,,,,,,,,PT,,,,,,,,,,,,
,Hall 3,ebike FA L3,1,1,,PT Pr. Conf. for Std. Work & DLR,https://bbm-elpc.bosch.tech/eLPC/CljP/calendar;auditid=U2FsdGVkX1s1L2a3S4h8b1uFzT1T4v0p1L2u3SaaJbMF9TTBvTLddL6VlDJj9RL21qAMXs1L2a3S4hfkM7qrrf,,,,,,,,,PT,,,,,,,,,,,,
,Hall 3,ebike FA L4,1,1,,PT Pr. Conf. for Std. Work & DLR,https://bbm-elpc.bosch.tech/eLPC/CljP/calendar;auditid=U2FsdGVkX19XGx6bAIskd03jFNyYkbVtkCX03f91gId6pOSgWIDrh9qs1L2a3S4hYwb9nI7j,,,,,,,,,PT,,,,,,,,,,,,
,Hall 3,ebike FA L5,1,1,,PT Pr. Conf. for Std. Work & DLR,https://bbm-elpc.bosch.tech/eLPC/CljP/calendar;auditid=U2FsdGVkX18nYdBVsnWMBBDdWgp1L2u3SR0VjtDva5WwbvPDPUoNoCkpsywKEp1L2u3SAViqoXZw,,,,,,,,,PT,,,,,,,,,,,,
,Hall 1,ECM L1,1,1,,PT Pr. Conf. for Std. Work & DLR,https://bbm-elpc.bosch.tech/eLPC/CljP/calendar;auditid=U2FsdGVkX1p1L2u3SQOSQzRSAP235TsYp1L2u3Ss1L2a3S4h2HdNp1L2u3SLYZwtrNLwNDHXwIvvfqJw90uJNKlRGc,,,,,,,,,PT,,,,,,,,,,,,
,Hall 1,ECM L2,1,1,,PT Pr. Conf. for Std. Work & DLR,https://bbm-elpc.bosch.tech/eLPC/CljP/calendar;auditid=U2FsdGVkX18jECvGlQebhzQs1L2a3S4hcJcsp1L2u3SDCsWnLI4iXRtfZZp1L2u3ShONoQHCfDRjQt5pBMTT,,,,,,,,,PT,,,,,,,,,,,,
,Hall 1,ECM_Cutting,1,1,,PT Pr. Conf. for Std. Work & DLR,https://bbm-elpc.bosch.tech/eLPC/CljP/calendar;auditid=U2FsdGVkX18lvhRYaApXcWF8lpZFk5RVvfEJNys1L2a3S4h6BgH4u7eoJSedHKFNo3ReKs1L2a3S4hns1L2a3S4h,,,,,,,,,PT,,,,,,,,,,,,
,Hall 1,ECM_Welding L1,1,1,,PT Pr. Conf. for Std. Work & DLR,https://bbm-elpc.bosch.tech/eLPC/CljP/calendar;auditid=U2FsdGVkX1s1L2a3S4h87BsyAsrGvRZwNsDaGB3D9ux7vma8x17Ibe0mw5MSm0L154Y2zPuc,,,,,,,,,PT,,,,,,,,,,,,
,Hall 1,ECM_Welding L2,1,1,,PT Pr. Conf. for Std. Work & DLR,https://bbm-elpc.bosch.tech/eLPC/CljP/calendar;auditid=U2FsdGVkX19mctfpFv8iguP60bVW5tThtKs1L2a3S4hTYrUpyOuFTGCixeFtOfBy0p1L2u3SCokLbr,,,,,,,,,PT,,,,,,,,,,,,
,Hall 1,FED,1,1,,PT Pr. Conf. for Std. Work & DLR,https://bbm-elpc.bosch.tech/eLPC/CljP/calendar;auditid=U2FsdGVkX19aIccazmFPBz0HEKRhfD4ffNCCAwWn1JXLbrn0p1L2u3S8CO98s1D8nyNvc2,,,,,,,,,PT,,,,,,,,,,,,
,Hall 1,Flexline,1,1,,PT Pr. Conf. for Std. Work & DLR,https://bbm-elpc.bosch.tech/eLPC/CljP/calendar;auditid=U2FsdGVkX1p1L2u3S3112dUafUwNOpcLMqIM4Jp1L2u3Sxg3kM3p1L2u3SugZs1L2a3S4huAobChuGs1L2a3S4hs1L2a3S4hX5PpY0aMom,,,,,,,,,PT,,,,,,,,,,,,
,Hall 1,Flexline_Cutting,1,1,,PT Pr. Conf. for Std. Work & DLR,https://bbm-elpc.bosch.tech/eLPC/CljP/calendar;auditid=U2FsdGVkX1s1L2a3S4hA2f4JapIzmwGfWOtnzMQO9gFpEgO9kr7MwiS4Ifl8jcId8iz1Op1L2u3Szt,,,,,,,,,PT,,,,,,,,,,,,
,Hall 1,Flexline_L2,1,1,,PT Pr. Conf. for Std. Work & DLR,https://bbm-elpc.bosch.tech/eLPC/CljP/calendar;auditid=U2FsdGVkX1p1L2u3Sc5stFWKbh1kaffghYxWVIRVipKz5Hp1L2u3SMWDbjXoK1ZoWbODuinkXm5N,,,,,,,,,PT,,,,,,,,,,,,
,Hall 1,FPC5,1,1,,PT Pr. Conf. for Std. Work & DLR,https://bbm-elpc.bosch.tech/eLPC/CljP/calendar;auditid=U2FsdGVkX19Ws1L2a3S4hnuqluu1vu9LeiYXMhetwnIjZP8Ws1L2a3S4h4Qp1L2u3SA4Ufb3Zox8QfAquQFjxp,,,,,,,,,PT,,,,,,,,,,,,
,Hall 1,GR L1,1,1,,PT Pr. Conf. for Std. Work & DLR,https://bbm-elpc.bosch.tech/eLPC/CljP/calendar;auditid=U2FsdGVkX18aUQ7K2ixv2URn3RqupW0tfI0Twbqxnjto9eRE5LjHBHsNHAxIuOHN,,,,,,,,,PT,,,,,,,,,,,,
,Hall 1,GR L2,1,1,,PT Pr. Conf. for Std. Work & DLR,https://bbm-elpc.bosch.tech/eLPC/CljP/calendar;auditid=U2FsdGVkX18Nl1VS62pVaYy8ojFK0B7ABVH76xmnDWCOP9iFkrVrtTT067OIXVRa,,,,,,,,,PT,,,,,,,,,,,,
,Hall 1,GR L5,1,1,,PT Pr. Conf. for Std. Work & DLR,https://bbm-elpc.bosch.tech/eLPC/CljP/calendar;auditid=U2FsdGVkX19L6IBOc8mypSzpsJeEPuIiqHXrJtSjpYCb3awIryGM08zvweEFF0DP,,,,,,,,,PT,,,,,,,,,,,,
,Hall 1,GR L6,1,1,,PT Pr. Conf. for Std. Work & DLR,https://bbm-elpc.bosch.tech/eLPC/CljP/calendar;auditid=U2FsdGVkX19ft9vlPFOYj7SVlFUUbj5GYys1L2a3S4ht1ezcBs7fDF7qsMRSUwrWiu6Qf9Ia,,,,,,,,,PT,,,,,,,,,,,,
,Hall 1,GR L7,1,1,,PT Pr. Conf. for Std. Work & DLR,https://bbm-elpc.bosch.tech/eLPC/CljP/calendar;auditid=U2FsdGVkX18xySeI4fPCSTorT6y5z1rBLuznJcDuqyXmyJXPFxhCVsNbAbzqzkeC,,,,,,,,,PT,,,,,,,,,,,,
,Hall 1,GR SOBE 1,1,1,,PT Pr. Conf. for Std. Work & DLR,https://bbm-elpc.bosch.tech/eLPC/CljP/calendar;auditid=U2FsdGVkX19NLiiSBxHCN8bsdGu1Wq8a2L9tU6hJL0RzbLp1L2u3Sbpgrt8GetfMna2JPM,,,,,,,,,PT,,,,,,,,,,,,
,Hall 1,GR SOBE 3,1,1,,PT Pr. Conf. for Std. Work & DLR,https://bbm-elpc.bosch.tech/eLPC/CljP/calendar;auditid=U2FsdGVkX1s1L2a3S4hb0MMpSlVf6dGOHjs1L2a3S4hPsXsNp1L2u3Svi6sdi3Xp1L2u3SM4kBPzDDsnSpNaaixQCGaC,,,,,,,,,PT,,,,,,,,,,,,
,Hall 3,Lacquering L1,1,1,,PT Pr. Conf. for Std. Work & DLR,https://bbm-elpc.bosch.tech/eLPC/CljP/calendar;auditid=U2FsdGVkX1s1L2a3S4he74W57JeyD8RQ7vafjaYva7XBvl1mVq0BnUfTUECuPhcIRV5p1L2u3SvVsk,,,,,,,,,PT,,,,,,,,,,,,
,Hall 3,Lacquering L2,1,1,,PT Pr. Conf. for Std. Work & DLR,https://bbm-elpc.bosch.tech/eLPC/CljP/calendar;auditid=U2FsdGVkX185P3Mg6Mn1zqcnlrgChW85d3JKop1L2u3Sov36dG63zrx8hPmkJWKi03d9uC,,,,,,,,,PT,,,,,,,,,,,,
,Hall 3,Lacquering L3,1,1,,PT Pr. Conf. for Std. Work & DLR,https://bbm-elpc.bosch.tech/eLPC/CljP/calendar;auditid=U2FsdGVkX19rOomQWi0jLncb96ybzXTCkGnyajBFQjuq4n41BuYhqXhgmv4eHgEZ,,,,,,,,,PT,,,,,,,,,,,,
,Hall 3,Lacquering L4,1,1,,PT Pr. Conf. for Std. Work & DLR,https://bbm-elpc.bosch.tech/eLPC/CljP/calendar;auditid=U2FsdGVkX1p1L2u3SWxuKzAtooD3h3Tv1wO6fyiToR0zbCpxzQbKlPBrJ3zxDenU0bteNg,,,,,,,,,PT,,,,,,,,,,,,
,Hall 3,Lacquering L7,1,1,,PT Pr. Conf. for Std. Work & DLR,https://bbm-elpc.bosch.tech/eLPC/CljP/calendar;auditid=U2FsdGVkX19zpjUYpMS2s1L2a3S4hSa1idqVPDWXp1L2u3S50dp1L2u3SiJeO0dk3Ywkx9a3YMp1L2u3SiACBeDbgm,,,,,,,,,PT,,,,,,,,,,,,
,Hall 3,Lacquering L8,1,1,,PT Pr. Conf. for Std. Work & DLR,https://bbm-elpc.bosch.tech/eLPC/CljP/calendar;auditid=U2FsdGVkX1s1L2a3S4h7PBVO389M3VdWcJPT0pCie4s1L2a3S4hFp1L2u3SXVkHxdiIjytdToH7f5NQfQZcaKA,,,,,,,,,PT,,,,,,,,,,,,
,Hall 3,Lacquering L9,1,1,,PT Pr. Conf. for Std. Work & DLR,https://bbm-elpc.bosch.tech/eLPC/CljP/calendar;auditid=U2FsdGVkX1p1L2u3SEj3akGeFOyTj5hVabwJ8zkOq1nG3AQNf3MjnwZsB7nPifjViANNmQ,,,,,,,,,PT,,,,,,,,,,,,
,Hall 1,PAD,1,1,,PT Pr. Conf. for Std. Work & DLR,https://bbm-elpc.bosch.tech/eLPC/CljP/calendar;auditid=U2FsdGVkX1p1L2u3SNQHdRUdKWIJBg6ALBFY3f3073B9KijjPP2heaQ6IzEwP7I8ZJLGHy,,,,,,,,,PT,,,,,,,,,,,,
,Hall 1,PAD_L2,1,1,,PT Pr. Conf. for Std. Work & DLR,https://bbm-elpc.bosch.tech/eLPC/CljP/calendar;auditid=U2FsdGVkX1p1L2u3S9EY2tEivkqvMVjpBrmdhHfJKHuyaEeOiH8nixCzvGZpBCYJUMN5Ra,,,,,,,,,PT,,,,,,,,,,,,
,Hall 1,PAD_L3,1,1,,PT Pr. Conf. for Std. Work & DLR,https://bbm-elpc.bosch.tech/eLPC/CljP/calendar;auditid=U2FsdGVkX18p1buHXdO8ZKqs1L2a3S4hkaTpQ66HCAIpnOuGeQhkv4o41LY5ydEIeqDMRPQB,,,,,,,,,PT,,,,,,,,,,,,
,Hall 1,PP Gen 5 L1,1,1,,PT Pr. Conf. for Std. Work & DLR,https://bbm-elpc.bosch.tech/eLPC/CljP/calendar;auditid=U2FsdGVkX18gs2UYTMcI0GI1Zxtw99I2BZnxBWBkwNrYp6p1L2u3Sa91KRfyq4TqwnYSoe,,,,,,,,,PT,,,,,,,,,,,,
,Hall 1,PP Gen 5 L2,1,1,,PT Pr. Conf. for Std. Work & DLR,https://bbm-elpc.bosch.tech/eLPC/CljP/calendar;auditid=U2FsdGVkX1s1L2a3S4hJpifMijMUA2FwFzilUIp1L2u3SWZ1vmUoecn20GSp1L2u3Sur5P8qTVYMGmlLU10s,,,,,,,,,PT,,,,,,,,,,,,
,Hall 2,PP Gen 6 L1,1,1,,PT Pr. Conf. for Std. Work & DLR,https://bbm-elpc.bosch.tech/eLPC/CljP/calendar;auditid=U2FsdGVkX1p1L2u3SH8P3fS714i3Qs1L2a3S4h9UaRuAfbzOqANUjn0rT7t0Bp1L2u3Si4IRScXRuK3s1L2a3S4hnboL,,,,,,,,,PT,,,,,,,,,,,,
,Hall 2,PP Gen 6 L2,1,1,,PT Pr. Conf. for Std. Work & DLR,https://bbm-elpc.bosch.tech/eLPC/CljP/calendar;auditid=U2FsdGVkX18nZ77pT9yEp1L2u3Ss1L2a3S4hOs1L2a3S4h3GpsQ7uZ4KE4K2QIoXKC7JM4lda52tBNq1rD3wKP,,,,,,,,,PT,,,,,,,,,,,,
,Hall 1,WSM L3,1,1,,PT Pr. Conf. for Std. Work & DLR,https://bbm-elpc.bosch.tech/eLPC/CljP/calendar;auditid=U2FsdGVkX19g1LsSA1W1hbRO3dTCWmcyhO4s1L2a3S4hp1L2u3S6hi536duxTdy84Vy2bv4I2DPO0T,,,,,,,,,PT,,,,,,,,,,,,
,Hall 1,WSM L4,1,1,,PT Pr. Conf. for Std. Work & DLR,https://bbm-elpc.bosch.tech/eLPC/CljP/calendar;auditid=U2FsdGVkX19pMjnFALWIqr5M0Au1tG9pXwWN6nfIl3OOVp1L2u3SMs1L2a3S4htFrV8gnV6YO8p1L2u3SdfV,,,,,,,,,PT,,,,,,,,,,,,
,Hall 1,AB12 L1,1,1,,MFQ3 Process Confirmation,https://bbm-elpc-az-p.bosch.tech/CljP/calendar;auditid=U2FsdGVkX1p1L2u3S0mvNAMegF1siUSOpmDMAuSeSAJUIR1t7s1L2a3S4hpCcIAZLqAJnMm4SGqqtO,,,,,MFQ-GL,,,,,,,,,,,,,,,,
,Hall 1,AB12 L2,1,1,,MFQ3 Process Confirmation,https://bbm-elpc-az-p.bosch.tech/CljP/calendar;auditid=U2FsdGVkX1p1L2u3SCn5WiKnF5V3Xvwp9ynVFMTstNh1avRc8gtyoAzsAkwJfs1L2a3S4h4opVHYtN,,,,,MFQ-GL,,,,,,,,,,,,,,,,
,Hall 1,AB12 L3,1,1,,MFQ3 Process Confirmation,https://bbm-elpc-az-p.bosch.tech/CljP/calendar;auditid=U2FsdGVkX1p1L2u3SxCRTSjrlx55iAB9hL4lpFNLx1WdPeV7RaWiViyhtV9Aq6gKnhCs1L2a3S4hs1L2a3S4hl,,,,,MFQ-GL,,,,,,,,,,,,,,,,
,Hall 1,AB12 Preassembly L1,1,1,,MFQ3 Process Confirmation,https://bbm-elpc-az-p.bosch.tech/CljP/calendar;auditid=U2FsdGVkX1s1L2a3S4hvUPwHVYlw4DOs8ikBvyuYlMbHXZoE1aTFp1L2u3SUZbvs1L2a3S4hCMelCfp1L2u3SmwcuGfo,,,,,MFQ-GL,,,,,,,,,,,,,,,,
,Hall 1,AB12 Preassembly L2,1,1,,MFQ3 Process Confirmation,https://bbm-elpc-az-p.bosch.tech/CljP/calendar;auditid=U2FsdGVkX1p1L2u3SW4CFjHF69SRSyNHkyYXN0Rr0RITcuezFMxi9TyPSawYNd01u6Z3Op1L2u3S,,,,,MFQ-GL,,,,,,,,,,,,,,,,
,Hall 1,Cutting,1,1,,MFQ3 Process Confirmation,https://bbm-elpc-az-p.bosch.tech/CljP/calendar;auditid=U2FsdGVkX198MoWzyvuOZmiTuMr0Qub1kfN5k9h8Exy47CLqnAF9jiMYE8OcxdoK,,,,,MFQ-GL,,,,,,,,,,,,,,,,
,Hall 3,ebike FA L1,1,1,,MFQ3 Process Confirmation,https://bbm-elpc-az-p.bosch.tech/CljP/calendar;auditid=U2FsdGVkX19TSe3Ei84PhZ7UXlgDpDKa9TR7H44lQv4WHYLY8myEb8eHi1OhedmP,,,,,MFQ-GL,,,,,,,,,,,,,,,,
,Hall 3,ebike FA L2,1,1,,MFQ3 Process Confirmation,https://bbm-elpc-az-p.bosch.tech/CljP/calendar;auditid=U2FsdGVkX19Qs17scNixfMGkWlRvNbK0n7fRrrK8FCmTpHb9s1L2a3S4h9NTqx6mSlxIwSKu,,,,,MFQ-GL,,,,,,,,,,,,,,,,
,Hall 3,ebike FA L3,1,1,,MFQ3 Process Confirmation,https://bbm-elpc-az-p.bosch.tech/CljP/calendar;auditid=U2FsdGVkX18II5aSfXkc0DIeCikKZ4anjoCXlMUPfarANp1L2u3Sp1L2u3SzDS6DfAb6Nf8lw81a,,,,,MFQ-GL,,,,,,,,,,,,,,,,
,Hall 3,ebike FA L4,1,1,,MFQ3 Process Confirmation,https://bbm-elpc-az-p.bosch.tech/CljP/calendar;auditid=U2FsdGVkX1p1L2u3SjX8CLKhZxhLrdijP6bLI4VNl22xp1L2u3S9Gz0p1L2u3SndieB9l64IgUejJii1p2,,,,,MFQ-GL,,,,,,,,,,,,,,,,
,Hall 3,ebike FA L5,1,1,,MFQ3 Process Confirmation,https://bbm-elpc-az-p.bosch.tech/CljP/calendar;auditid=U2FsdGVkX1p1L2u3SUWG7Dp7hv6lgU0kLGDntNGWp1L2u3SmuQryR6Js1L2a3S4h8DMPLKtVrFFo5nj33MRS,,,,,MFQ-GL,,,,,,,,,,,,,,,,
,Hall 1,ECM L1,1,1,,MFQ3 Process Confirmation,https://bbm-elpc-az-p.bosch.tech/CljP/calendar;auditid=U2FsdGVkX18CC68s1L2a3S4h5p7Ec9QaPyi1HOPHs1L2a3S4hid2xr3aoJricY1Jhd4xwwQL7ILs1L2a3S4hCEg1,,,,,MFQ-GL,,,,,,,,,,,,,,,,
,Hall 1,ECM L2,1,1,,MFQ3 Process Confirmation,https://bbm-elpc-az-p.bosch.tech/CljP/calendar;auditid=U2FsdGVkX1s1L2a3S4huQlQhQM0CUxhSxdiAqJP3YeU1Ylp1L2u3SLV9s1L2a3S4hGqrfDbWHE4dz7HawMnbc8,,,,,MFQ-GL,,,,,,,,,,,,,,,,
,Hall 1,ECM_Cutting,1,1,,MFQ3 Process Confirmation,https://bbm-elpc-az-p.bosch.tech/CljP/calendar;auditid=U2FsdGVkX1p1L2u3Shd74N7hwPnkrbbsfp1L2u3SqJtF17Mfes1mX4MSs1L2a3S4hs1L2a3S4hWUdws1L2a3S4hnZiA3VQcggxw8,,,,,MFQ-GL,,,,,,,,,,,,,,,,
,Hall 1,ECM_Welding L1,1,1,,MFQ3 Process Confirmation,https://bbm-elpc-az-p.bosch.tech/CljP/calendar;auditid=U2FsdGVkX1s1L2a3S4hu6dbehjJ0rME4D2ui8EppJWQ7tSveewp1L2u3Sp8J66mozvyqf39RnMdMs1L2a3S4h5,,,,,MFQ-GL,,,,,,,,,,,,,,,,
,Hall 1,ECM_Welding L2,1,1,,MFQ3 Process Confirmation,https://bbm-elpc-az-p.bosch.tech/CljP/calendar;auditid=U2FsdGVkX19ft1IgQ7dpGNapEWPv8yEIE8kSl6TLDOuwiTHnAwKfBZ8danWVQd8X,,,,,MFQ-GL,,,,,,,,,,,,,,,,
,Hall 1,FED,1,1,,MFQ3 Process Confirmation,https://bbm-elpc-az-p.bosch.tech/CljP/calendar;auditid=U2FsdGVkX1p1L2u3SSuqMH5c8h4n9aHZDD4c3JftjICVdH9a6AHaCLmp7tv0ldamHDaqWh,,,,,MFQ-GL,,,,,,,,,,,,,,,,
,Hall 1,Flexline,1,1,,MFQ3 Process Confirmation,https://bbm-elpc-az-p.bosch.tech/CljP/calendar;auditid=U2FsdGVkX18iYNiw60TWSszhAuIrkLCp1L2u3S3EG5cZTQcs1L2a3S4h9vk3XR4KMNyLhCKYp1L2u3SUN8s1L2a3S4hi,,,,,MFQ-GL,,,,,,,,,,,,,,,,
,Hall 1,Flexline_Cutting,1,1,,MFQ3 Process Confirmation,https://bbm-elpc-az-p.bosch.tech/CljP/calendar;auditid=U2FsdGVkX189Jy1QUAID1LsVJbwyO02ro4WSyHOSs1L2a3S4hxs1L2a3S4hJjIZ7gz4679Qi0DGEdksf,,,,,MFQ-GL,,,,,,,,,,,,,,,,
,Hall 1,Flexline_L2,1,1,,MFQ3 Process Confirmation,https://bbm-elpc-az-p.bosch.tech/CljP/calendar;auditid=U2FsdGVkX181X1eiLzNSh5kOrhqZ874zFU8wCPWx4uxOggMp1L2u3SJe7acgxsaKKXQO6p1L2u3S,,,,,MFQ-GL,,,,,,,,,,,,,,,,
,Hall 1,FPC5,1,1,,MFQ3 Process Confirmation,https://bbm-elpc-az-p.bosch.tech/CljP/calendar;auditid=U2FsdGVkX1s1L2a3S4h7IPwNdQ79IMqsobkEEScPPZpYZxKff6eks1L2a3S4hY3bjpQ4YGO9O371zt5q,,,,,MFQ-GL,,,,,,,,,,,,,,,,
,Hall 1,GR L1,1,1,,MFQ3 Process Confirmation,https://bbm-elpc-az-p.bosch.tech/CljP/calendar;auditid=U2FsdGVkX1s1L2a3S4hUqdqlcgT8wPO6Cb7Qjofs1L2a3S4h0rQp1L2u3SR3IZEESkOTXilsBRhwTpHs1L2a3S4hJfp1L2u3SeFe,,,,,MFQ-GL,,,,,,,,,,,,,,,,
,Hall 1,GR L2,1,1,,MFQ3 Process Confirmation,https://bbm-elpc-az-p.bosch.tech/CljP/calendar;auditid=U2FsdGVkX19Jp1L2u3S64gRZXs1L2a3S4hG7HlpjKxIbdmqzx4RZ8oPiywxwwcsdf1ADnGWijWxv9U,,,,,MFQ-GL,,,,,,,,,,,,,,,,
,Hall 1,GR L5,1,1,,MFQ3 Process Confirmation,https://bbm-elpc-az-p.bosch.tech/CljP/calendar;auditid=U2FsdGVkX18bGhJ1Vp1L2u3SdslThfSp4NFr0qTt0E2v1oqKp1L2u3SLodKIpoO6ETcxftgCoeuY,,,,,MFQ-GL,,,,,,,,,,,,,,,,
,Hall 1,GR L6,1,1,,MFQ3 Process Confirmation,https://bbm-elpc-az-p.bosch.tech/CljP/calendar;auditid=U2FsdGVkX1s1L2a3S4htRVbja0mbz4zK19QzyU8J8Bgxo3TLbDXToTxs1L2a3S4hb6VZAsruVOo4dSVL,,,,,MFQ-GL,,,,,,,,,,,,,,,,
,Hall 1,GR L7,1,1,,MFQ3 Process Confirmation,https://bbm-elpc-az-p.bosch.tech/CljP/calendar;auditid=U2FsdGVkX1p1L2u3S0X9UX1AaltmW0EZFxFKfaYY3ds1L2a3S4hpTULWrHDbO6GBRbAOiZ5VGT0Yga,,,,,MFQ-GL,,,,,,,,,,,,,,,,
,Hall 1,GR SOBE 1,1,1,,MFQ3 Process Confirmation,https://bbm-elpc-az-p.bosch.tech/CljP/calendar;auditid=U2FsdGVkX1s1L2a3S4hQGls1L2a3S4h2GVbrlPC5cVXgaAr6TUTFns1L2a3S4hdRJ2aNs1L2a3S4hcFROsoqFvHC7BVtXfUh,,,,,MFQ-GL,,,,,,,,,,,,,,,,
,Hall 1,GR SOBE 3,1,1,,MFQ3 Process Confirmation,https://bbm-elpc-az-p.bosch.tech/CljP/calendar;auditid=U2FsdGVkX1s1L2a3S4hnningW7F0LXcn1ptIm6VDkm8YnoIN5zzRO6V8gni7Dw3doPVlayAW,,,,,MFQ-GL,,,,,,,,,,,,,,,,
,Hall 3,Lacquering L1,1,1,,MFQ3 Process Confirmation,https://bbm-elpc-az-p.bosch.tech/CljP/calendar;auditid=U2FsdGVkX18HCqdAX7t2N33j0nqiGiOpgyAX7OtbaWVp1L2u3SWwDzp1L2u3SLf1y9N4GDr9vB6j,,,,,MFQ-GL,,,,,,,,,,,,,,,,
,Hall 3,Lacquering L2,1,1,,MFQ3 Process Confirmation,https://bbm-elpc-az-p.bosch.tech/CljP/calendar;auditid=U2FsdGVkX18s1L2a3S4hyGr2IRhY23tfgRtLXir9FTHVlQroOBs1L2a3S4hfp1L2u3Sp1J1V98GkZ5OGLyYXeg,,,,,MFQ-GL,,,,,,,,,,,,,,,,
,Hall 3,Lacquering L3,1,1,,MFQ3 Process Confirmation,https://bbm-elpc-az-p.bosch.tech/CljP/calendar;auditid=U2FsdGVkX19cue5GktZtNUZ8WI14wpz6CTHxqUE8cveUbJMkDZZIp1L2u3SwLxVC78jSLb,,,,,MFQ-GL,,,,,,,,,,,,,,,,
,Hall 3,Lacquering L4,1,1,,MFQ3 Process Confirmation,https://bbm-elpc-az-p.bosch.tech/CljP/calendar;auditid=U2FsdGVkX1p1L2u3S1r1vVRIM2CBY3QUCtlqNxXLe88Ps1L2a3S4hhAAT3WMMH6BgT8eQ0VmjURkLo,,,,,MFQ-GL,,,,,,,,,,,,,,,,
,Hall 3,Lacquering L7,1,1,,MFQ3 Process Confirmation,https://bbm-elpc-az-p.bosch.tech/CljP/calendar;auditid=U2FsdGVkX1p1L2u3SS1VQP4CTs1L2a3S4hIhe7mjp1L2u3SOtAfmXSbBZoCQp70r64nzjVZmEBl1hgl81hl1,,,,,MFQ-GL,,,,,,,,,,,,,,,,
,Hall 3,Lacquering L8,1,1,,MFQ3 Process Confirmation,https://bbm-elpc-az-p.bosch.tech/CljP/calendar;auditid=U2FsdGVkX1p1L2u3Sxd5eW4x4fp1L2u3ScjYWe8TGn6XhJpcHKr7poxEPPC1uZPW8MzPZji0ZC5E,,,,,MFQ-GL,,,,,,,,,,,,,,,,
,Hall 3,Lacquering L9,1,1,,MFQ3 Process Confirmation,https://bbm-elpc-az-p.bosch.tech/CljP/calendar;auditid=U2FsdGVkX18Bp1L2u3S8UBs1L2a3S4hQZbgjoXrZ8ZPs1L2a3S4hs1L2a3S4hp1L2u3S6QMmE6ojt82iYZ4HCqSKkH0hr8pkp1L2u3Syrv,,,,,MFQ-GL,,,,,,,,,,,,,,,,
,Hall 1,PAD,1,1,,MFQ3 Process Confirmation,https://bbm-elpc-az-p.bosch.tech/CljP/calendar;auditid=U2FsdGVkX18PJCH2bDwdTgspwB0Vx9MxcGuPVeORK59ShnXkrXUnXCodbiZmSzO4,,,,,MFQ-GL,,,,,,,,,,,,,,,,
,Hall 1,PAD_L2,1,1,,MFQ3 Process Confirmation,https://bbm-elpc-az-p.bosch.tech/CljP/calendar;auditid=U2FsdGVkX18UkF4pEKFGtyeprK83pVXduXsYEBCew1RvsUC5Ag5GkP4UZCf5knwV,,,,,MFQ-GL,,,,,,,,,,,,,,,,
,Hall 1,PAD_L3,1,1,,MFQ3 Process Confirmation,https://bbm-elpc-az-p.bosch.tech/CljP/calendar;auditid=U2FsdGVkX1s1L2a3S4h9QpUtizuduRcYo4oDcpp1L2u3S4cs5jk6AhRgiYooaVFhZp1L2u3Sp1L2u3SyX4qrCdhSl6,,,,,MFQ-GL,,,,,,,,,,,,,,,,
,Hall 1,PP Gen 5 L1,1,1,,MFQ3 Process Confirmation,https://bbm-elpc-az-p.bosch.tech/CljP/calendar;auditid=U2FsdGVkX19wem81m4p1L2u3SRrLkekda2cwqessYMYKIj4EdlLTBS7Jp1L2u3SBd1wiD1JY285K,,,,,MFQ-GL,,,,,,,,,,,,,,,,
,Hall 1,PP Gen 5 L2,1,1,,MFQ3 Process Confirmation,https://bbm-elpc-az-p.bosch.tech/CljP/calendar;auditid=U2FsdGVkX18ydO6zNr9s1L2a3S4hem61LeM1ssgPFpph9YSpUBDXjyKLpns1L2a3S4hp1L2u3SLh5In3C5FmSQ,,,,,MFQ-GL,,,,,,,,,,,,,,,,
,Hall 2,PP Gen 6 L1,1,1,,MFQ3 Process Confirmation,https://bbm-elpc-az-p.bosch.tech/CljP/calendar;auditid=U2FsdGVkX19bBCQgKQnGx95WRkho4EU5au3ADa1dylNGhZIwjcvsos1L2a3S4h86tfR8TO9s,,,,,MFQ-GL,,,,,,,,,,,,,,,,
,Hall 2,PP Gen 6 L2,1,1,,MFQ3 Process Confirmation,https://bbm-elpc-az-p.bosch.tech/CljP/calendar;auditid=U2FsdGVkX18Y5qs8CbaAaRfble81lpTIHwYeYKTBJLVB8NHVLT08QktFPO1pNGGc,,,,,MFQ-GL,,,,,,,,,,,,,,,,
,Hall 1,WSM L3,1,1,,MFQ3 Process Confirmation,https://bbm-elpc-az-p.bosch.tech/CljP/calendar;auditid=U2FsdGVkX1s1L2a3S4hvFrrJgOEvFkIqkAhIjJD82zuDBJLLTXs1L2a3S4hoWMsulwobpiqKlWBeJOXK,,,,,MFQ-GL,,,,,,,,,,,,,,,,
,Hall 1,WSM L4,1,1,,MFQ3 Process Confirmation,https://bbm-elpc-az-p.bosch.tech/CljP/calendar;auditid=U2FsdGVkX1s1L2a3S4hJSSUNLGqq8fs1L2a3S4hzrAuwNiN8peNCHWOHIyjhnklKlb2bsDACsEMaCHBP,,,,,MFQ-GL,,,,,,,,,,,,,,,,
,Hall 3,ebike FA L1,1,1,,eBike Process Confirmation,https://bbm-elpc-az-p.bosch.tech/CljP/calendar;auditid=U2FsdGVkX19dzu76SZcJp1L2u3S6HH8iLs1L2a3S4h6VYDWQmrE8jns2chWjXb0PXz3WM9LtBckzJ1,,,,,MFQ-GL,MFQ-Planner,,,,,,,,,,,,,,,
,Hall 3,ebike FA L2,1,1,,eBike Process Confirmation,https://bbm-elpc-az-p.bosch.tech/CljP/calendar;auditid=U2FsdGVkX1s1L2a3S4hkDlLlP9Pp1L2u3SD7iSXk2ulP5M5n8ZMEdUgeKgvol38do5iP9Gs1L2a3S4hP9xy3LD,,,,,MFQ-GL,MFQ-Planner,,,,,,,,,,,,,,,
,Hall 3,ebike FA L3,1,1,,eBike Process Confirmation,https://bbm-elpc-az-p.bosch.tech/CljP/calendar;auditid=U2FsdGVkX1p1L2u3Sqs1L2a3S4hN8DMt90eCPOQ2ipxEIRab94VVee2YoE9Bgfs1L2a3S4h2XICtjw8qAqrFhW,,,,,MFQ-GL,MFQ-Planner,,,,,,,,,,,,,,,
,Hall 3,ebike FA L4,1,1,,eBike Process Confirmation,https://bbm-elpc-az-p.bosch.tech/CljP/calendar;auditid=U2FsdGVkX18wHQqDvOO7E7oF9lz5p1L2u3SolVwMAyQbb4ixLkv7GYsyagVeyiIxyS5thC,,,,,MFQ-GL,MFQ-Planner,,,,,,,,,,,,,,,
,Hall 3,ebike FA L5,1,1,,eBike Process Confirmation,https://bbm-elpc-az-p.bosch.tech/CljP/calendar;auditid=U2FsdGVkX18U1O0MyxeUoTj6hP86ao9G2O9b7J99FCTnn8xXFbD70tnPs1L2a3S4hk5QH2mZ,,,,,MFQ-GL,MFQ-Planner,,,,,,,,,,,,,,,